﻿<?xml version="1.0"?>
<doc>
<assembly>
<name>
SkyEditor.SaveEditor.UI.WPF
</name>
</assembly>
<members>
<member name="T:SkyEditor.SaveEditor.UI.WPF.My.Resources.Language">
<summary>
  A strongly-typed resource class, for looking up localized strings, etc.
</summary>
</member>
<member name="P:SkyEditor.SaveEditor.UI.WPF.My.Resources.Language.ResourceManager">
<summary>
  Returns the cached ResourceManager instance used by this class.
</summary>
</member>
<member name="P:SkyEditor.SaveEditor.UI.WPF.My.Resources.Language.Culture">
<summary>
  Overrides the current thread's CurrentUICulture property for all
  resource lookups using this strongly typed resource class.
</summary>
</member>
<member name="P:SkyEditor.SaveEditor.UI.WPF.My.Resources.Language.ActivePokemonHeader">
<summary>
  Looks up a localized string similar to Party.
</summary>
</member>
<member name="P:SkyEditor.SaveEditor.UI.WPF.My.Resources.Language.Add">
<summary>
  Looks up a localized string similar to Add.
</summary>
</member>
<member name="P:SkyEditor.SaveEditor.UI.WPF.My.Resources.Language.AddToPartyContext">
<summary>
  Looks up a localized string similar to _Add to Party.
</summary>
</member>
<member name="P:SkyEditor.SaveEditor.UI.WPF.My.Resources.Language.Adventures">
<summary>
  Looks up a localized string similar to Adventures.
</summary>
</member>
<member name="P:SkyEditor.SaveEditor.UI.WPF.My.Resources.Language.AllPokemon">
<summary>
  Looks up a localized string similar to All Pokémon.
</summary>
</member>
<member name="P:SkyEditor.SaveEditor.UI.WPF.My.Resources.Language.Attack">
<summary>
  Looks up a localized string similar to Attack.
</summary>
</member>
<member name="P:SkyEditor.SaveEditor.UI.WPF.My.Resources.Language.BaseType">
<summary>
  Looks up a localized string similar to Base Type.
</summary>
</member>
<member name="P:SkyEditor.SaveEditor.UI.WPF.My.Resources.Language.BoxContents">
<summary>
  Looks up a localized string similar to Box Contents.
</summary>
</member>
<member name="P:SkyEditor.SaveEditor.UI.WPF.My.Resources.Language.ContainedItem">
<summary>
  Looks up a localized string similar to Contained Item.
</summary>
</member>
<member name="P:SkyEditor.SaveEditor.UI.WPF.My.Resources.Language.CurrentHP">
<summary>
  Looks up a localized string similar to Current HP.
</summary>
</member>
<member name="P:SkyEditor.SaveEditor.UI.WPF.My.Resources.Language.Defense">
<summary>
  Looks up a localized string similar to Defense.
</summary>
</member>
<member name="P:SkyEditor.SaveEditor.UI.WPF.My.Resources.Language.Delete">
<summary>
  Looks up a localized string similar to Delete.
</summary>
</member>
<member name="P:SkyEditor.SaveEditor.UI.WPF.My.Resources.Language.Edit">
<summary>
  Looks up a localized string similar to Edit.
</summary>
</member>
<member name="P:SkyEditor.SaveEditor.UI.WPF.My.Resources.Language.EpisodeHeldItems">
<summary>
  Looks up a localized string similar to Sp. Episode Held Items.
</summary>
</member>
<member name="P:SkyEditor.SaveEditor.UI.WPF.My.Resources.Language.ErrorTooManyItems">
<summary>
  Looks up a localized string similar to You are holding the maximum number of items.  To add another, one must be deleted first..
</summary>
</member>
<member name="P:SkyEditor.SaveEditor.UI.WPF.My.Resources.Language.Exp">
<summary>
  Looks up a localized string similar to Exp.
</summary>
</member>
<member name="P:SkyEditor.SaveEditor.UI.WPF.My.Resources.Language.General">
<summary>
  Looks up a localized string similar to General.
</summary>
</member>
<member name="P:SkyEditor.SaveEditor.UI.WPF.My.Resources.Language.Ginseng">
<summary>
  Looks up a localized string similar to Ginseng.
</summary>
</member>
<member name="P:SkyEditor.SaveEditor.UI.WPF.My.Resources.Language.HeldItemsSlot">
<summary>
  Looks up a localized string similar to Held Items.
</summary>
</member>
<member name="P:SkyEditor.SaveEditor.UI.WPF.My.Resources.Language.HeldItemsTabHeader">
<summary>
  Looks up a localized string similar to Inventory.
</summary>
</member>
<member name="P:SkyEditor.SaveEditor.UI.WPF.My.Resources.Language.HeldMoney">
<summary>
  Looks up a localized string similar to Held Money.
</summary>
</member>
<member name="P:SkyEditor.SaveEditor.UI.WPF.My.Resources.Language.History">
<summary>
  Looks up a localized string similar to History.
</summary>
</member>
<member name="P:SkyEditor.SaveEditor.UI.WPF.My.Resources.Language.HPBoost">
<summary>
  Looks up a localized string similar to HP Boost.
</summary>
</member>
<member name="P:SkyEditor.SaveEditor.UI.WPF.My.Resources.Language.Inventory">
<summary>
  Looks up a localized string similar to Inventory.
</summary>
</member>
<member name="P:SkyEditor.SaveEditor.UI.WPF.My.Resources.Language.IQ">
<summary>
  Looks up a localized string similar to IQ.
</summary>
</member>
<member name="P:SkyEditor.SaveEditor.UI.WPF.My.Resources.Language.IsFemale">
<summary>
  Looks up a localized string similar to Is Female.
</summary>
</member>
<member name="P:SkyEditor.SaveEditor.UI.WPF.My.Resources.Language.IsSet">
<summary>
  Looks up a localized string similar to Set.
</summary>
</member>
<member name="P:SkyEditor.SaveEditor.UI.WPF.My.Resources.Language.ItemCountLabel">
<summary>
  Looks up a localized string similar to Items: .
</summary>
</member>
<member name="P:SkyEditor.SaveEditor.UI.WPF.My.Resources.Language.ItemName">
<summary>
  Looks up a localized string similar to Item Name.
</summary>
</member>
<member name="P:SkyEditor.SaveEditor.UI.WPF.My.Resources.Language.Level">
<summary>
  Looks up a localized string similar to Level.
</summary>
</member>
<member name="P:SkyEditor.SaveEditor.UI.WPF.My.Resources.Language.Linked">
<summary>
  Looks up a localized string similar to Linked.
</summary>
</member>
<member name="P:SkyEditor.SaveEditor.UI.WPF.My.Resources.Language.MaxHP">
<summary>
  Looks up a localized string similar to Max HP.
</summary>
</member>
<member name="P:SkyEditor.SaveEditor.UI.WPF.My.Resources.Language.MenuDev">
<summary>
  Looks up a localized string similar to _Development.
</summary>
</member>
<member name="P:SkyEditor.SaveEditor.UI.WPF.My.Resources.Language.MenuDevImportSDF">
<summary>
  Looks up a localized string similar to _Import SDF Saves.
</summary>
</member>
<member name="P:SkyEditor.SaveEditor.UI.WPF.My.Resources.Language.MenuDevOpenSDF">
<summary>
  Looks up a localized string similar to _Open SDF.
</summary>
</member>
<member name="P:SkyEditor.SaveEditor.UI.WPF.My.Resources.Language.MenuPokemon">
<summary>
  Looks up a localized string similar to _Pokémon.
</summary>
</member>
<member name="P:SkyEditor.SaveEditor.UI.WPF.My.Resources.Language.MenuPokemonExport">
<summary>
  Looks up a localized string similar to _Export Stored Pokémon.
</summary>
</member>
<member name="P:SkyEditor.SaveEditor.UI.WPF.My.Resources.Language.MenuPokemonExportActive">
<summary>
  Looks up a localized string similar to _Export Active Pokémon.
</summary>
</member>
<member name="P:SkyEditor.SaveEditor.UI.WPF.My.Resources.Language.MenuPokemonImport">
<summary>
  Looks up a localized string similar to _Import Stored Pokémon.
</summary>
</member>
<member name="P:SkyEditor.SaveEditor.UI.WPF.My.Resources.Language.MenuPokemonImportActive">
<summary>
  Looks up a localized string similar to _Import Active Pokémon.
</summary>
</member>
<member name="P:SkyEditor.SaveEditor.UI.WPF.My.Resources.Language.MetAt">
<summary>
  Looks up a localized string similar to Met At.
</summary>
</member>
<member name="P:SkyEditor.SaveEditor.UI.WPF.My.Resources.Language.MetFloor">
<summary>
  Looks up a localized string similar to Met Floor.
</summary>
</member>
<member name="P:SkyEditor.SaveEditor.UI.WPF.My.Resources.Language.Moves">
<summary>
  Looks up a localized string similar to Moves.
</summary>
</member>
<member name="P:SkyEditor.SaveEditor.UI.WPF.My.Resources.Language.Name">
<summary>
  Looks up a localized string similar to Name.
</summary>
</member>
<member name="P:SkyEditor.SaveEditor.UI.WPF.My.Resources.Language.NewItem">
<summary>
  Looks up a localized string similar to New Item.
</summary>
</member>
<member name="P:SkyEditor.SaveEditor.UI.WPF.My.Resources.Language.NewItemMDQuantityTooltip">
<summary>
  Looks up a localized string similar to Quantity

For stackable items like sticks and spikes, this lets you control how much is in this stack.  This is ignored for non-stackable items..
</summary>
</member>
<member name="P:SkyEditor.SaveEditor.UI.WPF.My.Resources.Language.OriginalCharacters">
<summary>
  Looks up a localized string similar to Original Characters.
</summary>
</member>
<member name="P:SkyEditor.SaveEditor.UI.WPF.My.Resources.Language.OriginalPartnerGender">
<summary>
  Looks up a localized string similar to Original Partner Gender.
</summary>
</member>
<member name="P:SkyEditor.SaveEditor.UI.WPF.My.Resources.Language.OriginalPartnerName">
<summary>
  Looks up a localized string similar to Original Partner Name.
</summary>
</member>
<member name="P:SkyEditor.SaveEditor.UI.WPF.My.Resources.Language.OriginalPartnerPkm">
<summary>
  Looks up a localized string similar to Original Partner Pokémon.
</summary>
</member>
<member name="P:SkyEditor.SaveEditor.UI.WPF.My.Resources.Language.OriginalPlayerGender">
<summary>
  Looks up a localized string similar to Original Player Gender.
</summary>
</member>
<member name="P:SkyEditor.SaveEditor.UI.WPF.My.Resources.Language.OriginalPlayerName">
<summary>
  Looks up a localized string similar to Original Player Name.
</summary>
</member>
<member name="P:SkyEditor.SaveEditor.UI.WPF.My.Resources.Language.OriginalPlayerPkm">
<summary>
  Looks up a localized string similar to Original Player Pokémon.
</summary>
</member>
<member name="P:SkyEditor.SaveEditor.UI.WPF.My.Resources.Language.Party">
<summary>
  Looks up a localized string similar to Party.
</summary>
</member>
<member name="P:SkyEditor.SaveEditor.UI.WPF.My.Resources.Language.PlayerPartnerPokemonSlot">
<summary>
  Looks up a localized string similar to Player and Partner.
</summary>
</member>
<member name="P:SkyEditor.SaveEditor.UI.WPF.My.Resources.Language.PleaseSelectSD">
<summary>
  Looks up a localized string similar to Please select your SD Card.
</summary>
</member>
<member name="P:SkyEditor.SaveEditor.UI.WPF.My.Resources.Language.PluginAuthor">
<summary>
  Looks up a localized string similar to evandixon.
</summary>
</member>
<member name="P:SkyEditor.SaveEditor.UI.WPF.My.Resources.Language.PluginCredits">
<summary>
  Looks up a localized string similar to Sky Editor&apos;s save editor for Pokémon Mystery Dungeon was made possible with help from the following researchers:

evandixon - General Research
matix2267 - Pokemon Structure, code for interacting with bits
Grovyle91 - Item Structure, IDs of Pokemon/Items/etc
Prof. 9 - Team Name character encoding
Demonic722 - Misc RAM and save addresses.
</summary>
</member>
<member name="P:SkyEditor.SaveEditor.UI.WPF.My.Resources.Language.PluginName">
<summary>
  Looks up a localized string similar to Pokémon Mystery Dungeon Save Editor UI - WPF.
</summary>
</member>
<member name="P:SkyEditor.SaveEditor.UI.WPF.My.Resources.Language.Pokemon">
<summary>
  Looks up a localized string similar to Pokémon.
</summary>
</member>
<member name="P:SkyEditor.SaveEditor.UI.WPF.My.Resources.Language.PP">
<summary>
  Looks up a localized string similar to PP.
</summary>
</member>
<member name="P:SkyEditor.SaveEditor.UI.WPF.My.Resources.Language.Quantity">
<summary>
  Looks up a localized string similar to Quantity.
</summary>
</member>
<member name="P:SkyEditor.SaveEditor.UI.WPF.My.Resources.Language.QuicksavePokemonTabHeader">
<summary>
  Looks up a localized string similar to Quicksave Pokémon.
</summary>
</member>
<member name="P:SkyEditor.SaveEditor.UI.WPF.My.Resources.Language.RankPoints">
<summary>
  Looks up a localized string similar to Rank Points.
</summary>
</member>
<member name="P:SkyEditor.SaveEditor.UI.WPF.My.Resources.Language.RemoveActivePokemonCommandName">
<summary>
  Looks up a localized string similar to Standby.
</summary>
</member>
<member name="P:SkyEditor.SaveEditor.UI.WPF.My.Resources.Language.RescuePoints">
<summary>
  Looks up a localized string similar to Rescue Points.
</summary>
</member>
<member name="P:SkyEditor.SaveEditor.UI.WPF.My.Resources.Language.Sealed">
<summary>
  Looks up a localized string similar to Sealed.
</summary>
</member>
<member name="P:SkyEditor.SaveEditor.UI.WPF.My.Resources.Language.ShowAll">
<summary>
  Looks up a localized string similar to Show All.
</summary>
</member>
<member name="P:SkyEditor.SaveEditor.UI.WPF.My.Resources.Language.SpAttack">
<summary>
  Looks up a localized string similar to Sp. Attack.
</summary>
</member>
<member name="P:SkyEditor.SaveEditor.UI.WPF.My.Resources.Language.SpDefense">
<summary>
  Looks up a localized string similar to Sp. Defense.
</summary>
</member>
<member name="P:SkyEditor.SaveEditor.UI.WPF.My.Resources.Language.Speed">
<summary>
  Looks up a localized string similar to Speed.
</summary>
</member>
<member name="P:SkyEditor.SaveEditor.UI.WPF.My.Resources.Language.SpEpisodeActivePokemonHeader">
<summary>
  Looks up a localized string similar to Sp. Episode Party.
</summary>
</member>
<member name="P:SkyEditor.SaveEditor.UI.WPF.My.Resources.Language.SpEpisodeHeldMoney">
<summary>
  Looks up a localized string similar to Sp. Episode Held Money.
</summary>
</member>
<member name="P:SkyEditor.SaveEditor.UI.WPF.My.Resources.Language.SpEpisodeParty">
<summary>
  Looks up a localized string similar to Sp. Episode Party.
</summary>
</member>
<member name="P:SkyEditor.SaveEditor.UI.WPF.My.Resources.Language.SpEpisodePokemonSlot">
<summary>
  Looks up a localized string similar to Special Episode Pokemon.
</summary>
</member>
<member name="P:SkyEditor.SaveEditor.UI.WPF.My.Resources.Language.StoredItems">
<summary>
  Looks up a localized string similar to Stored Items.
</summary>
</member>
<member name="P:SkyEditor.SaveEditor.UI.WPF.My.Resources.Language.StoredItemsSlot">
<summary>
  Looks up a localized string similar to Stored Items.
</summary>
</member>
<member name="P:SkyEditor.SaveEditor.UI.WPF.My.Resources.Language.StoredMoney">
<summary>
  Looks up a localized string similar to Stored Money.
</summary>
</member>
<member name="P:SkyEditor.SaveEditor.UI.WPF.My.Resources.Language.StoredPokemonSlot">
<summary>
  Looks up a localized string similar to Others.
</summary>
</member>
<member name="P:SkyEditor.SaveEditor.UI.WPF.My.Resources.Language.StoredPokemonTab">
<summary>
  Looks up a localized string similar to Stored Pokémon.
</summary>
</member>
<member name="P:SkyEditor.SaveEditor.UI.WPF.My.Resources.Language.Switched">
<summary>
  Looks up a localized string similar to Switched.
</summary>
</member>
<member name="P:SkyEditor.SaveEditor.UI.WPF.My.Resources.Language.TeamName">
<summary>
  Looks up a localized string similar to Team Name.
</summary>
</member>
<member name="P:SkyEditor.SaveEditor.UI.WPF.My.Resources.Language.TransformedAsFemale">
<summary>
  Looks up a localized string similar to Transformed as Female.
</summary>
</member>
<member name="P:SkyEditor.SaveEditor.UI.WPF.My.Resources.Language.TransformedAsPkm">
<summary>
  Looks up a localized string similar to Transformed as Pokémon.
</summary>
</member>
<member name="P:SkyEditor.SaveEditor.UI.WPF.My.Resources.Language.XofYItemsSeparator">
<summary>
  Looks up a localized string similar to  of .
</summary>
</member>
<member name="T:SkyEditor.SaveEditor.UI.WPF.My.Resources.Resources">
<summary>
  A strongly-typed resource class, for looking up localized strings, etc.
</summary>
</member>
<member name="P:SkyEditor.SaveEditor.UI.WPF.My.Resources.Resources.ResourceManager">
<summary>
  Returns the cached ResourceManager instance used by this class.
</summary>
</member>
<member name="P:SkyEditor.SaveEditor.UI.WPF.My.Resources.Resources.Culture">
<summary>
  Overrides the current thread's CurrentUICulture property for all
  resource lookups using this strongly typed resource class.
</summary>
</member>
<member name="T:SkyEditor.SaveEditor.UI.WPF.My.MyWpfExtension">
 <summary>
 Module used to define the properties that are available in the My Namespace for WPF
 </summary>
 <remarks></remarks>
</member>
<member name="P:SkyEditor.SaveEditor.UI.WPF.My.MyWpfExtension.Application">
 <summary>
 Returns the application object for the running application
 </summary>
</member>
<member name="P:SkyEditor.SaveEditor.UI.WPF.My.MyWpfExtension.Computer">
 <summary>
 Returns information about the host computer.
 </summary>
</member>
<member name="P:SkyEditor.SaveEditor.UI.WPF.My.MyWpfExtension.User">
 <summary>
 Returns information for the current user.  If you wish to run the application with the current 
 Windows user credentials, call My.User.InitializeWithWindowsUser().
 </summary>
</member>
<member name="P:SkyEditor.SaveEditor.UI.WPF.My.MyWpfExtension.Log">
 <summary>
 Returns the application log. The listeners can be configured by the application's configuration file.
 </summary>
</member>
<member name="P:SkyEditor.SaveEditor.UI.WPF.My.MyWpfExtension.Windows">
 <summary>
 Returns the collection of Windows defined in the project.
 </summary>
</member>
<member name="T:SkyEditor.SaveEditor.UI.WPF.Application">
<summary>
Application
</summary>
</member>
<member name="M:SkyEditor.SaveEditor.UI.WPF.Application.Main">
<summary>
Application Entry Point.
</summary>
</member>
<member name="P:SkyEditor.SaveEditor.UI.WPF.MysteryDungeon.Explorers.ViewModels.ExplorersActivePokemonGeneralViewModel.RosterNumber">
 <summary>
 The index of the Pokemon in storage as stored in the save file.
 </summary>
 <returns></returns>
</member>
<member name="M:SkyEditor.SaveEditor.UI.WPF.MysteryDungeon.Explorers.ViewModels.SkyStoredPokemonViewModel.AddActivePokemon">
 <summary>
 Adds the selected box's selected pokemon to active Pokemon
 </summary>
</member>
<member name="T:SkyEditor.SaveEditor.UI.WPF.MysteryDungeon.Explorers.Views.ExplorersActivePokemonGeneralTab">
<summary>
ExplorersActivePokemonGeneralTab
</summary>
</member>
<member name="M:SkyEditor.SaveEditor.UI.WPF.MysteryDungeon.Explorers.Views.ExplorersActivePokemonGeneralTab.InitializeComponent">
<summary>
InitializeComponent
</summary>
</member>
<member name="T:SkyEditor.SaveEditor.UI.WPF.MysteryDungeon.Explorers.Views.SkyQuicksavePokemonGeneralTab">
<summary>
SkyQuicksavePokemonGeneralTab
</summary>
</member>
<member name="M:SkyEditor.SaveEditor.UI.WPF.MysteryDungeon.Explorers.Views.SkyQuicksavePokemonGeneralTab.InitializeComponent">
<summary>
InitializeComponent
</summary>
</member>
<member name="T:SkyEditor.SaveEditor.UI.WPF.MysteryDungeon.Explorers.Views.TDGeneralTab">
<summary>
TDGeneralTab
</summary>
</member>
<member name="M:SkyEditor.SaveEditor.UI.WPF.MysteryDungeon.Explorers.Views.TDGeneralTab.InitializeComponent">
<summary>
InitializeComponent
</summary>
</member>
<member name="T:SkyEditor.SaveEditor.UI.WPF.MysteryDungeon.Explorers.Views.TDHeldItemEditView">
<summary>
TDHeldItemEditView
</summary>
</member>
<member name="M:SkyEditor.SaveEditor.UI.WPF.MysteryDungeon.Explorers.Views.TDHeldItemEditView.InitializeComponent">
<summary>
InitializeComponent
</summary>
</member>
<member name="T:SkyEditor.SaveEditor.UI.WPF.MysteryDungeon.Explorers.Views.SkyGeneralTab">
<summary>
SkyGeneralTab
</summary>
</member>
<member name="M:SkyEditor.SaveEditor.UI.WPF.MysteryDungeon.Explorers.Views.SkyGeneralTab.InitializeComponent">
<summary>
InitializeComponent
</summary>
</member>
<member name="T:SkyEditor.SaveEditor.UI.WPF.MysteryDungeon.Explorers.Views.IExplorersActiveAttackView">
<summary>
IExplorersActiveAttackView
</summary>
</member>
<member name="M:SkyEditor.SaveEditor.UI.WPF.MysteryDungeon.Explorers.Views.IExplorersActiveAttackView.InitializeComponent">
<summary>
InitializeComponent
</summary>
</member>
<member name="T:SkyEditor.SaveEditor.UI.WPF.MysteryDungeon.Explorers.Views.ExplorersStoredPokemonGeneralTab">
<summary>
ExplorersStoredPokemonGeneralTab
</summary>
</member>
<member name="M:SkyEditor.SaveEditor.UI.WPF.MysteryDungeon.Explorers.Views.ExplorersStoredPokemonGeneralTab.InitializeComponent">
<summary>
InitializeComponent
</summary>
</member>
<member name="T:SkyEditor.SaveEditor.UI.WPF.MysteryDungeon.Explorers.Views.SkyHeldItemEditView">
<summary>
SkyHeldItemEditView
</summary>
</member>
<member name="M:SkyEditor.SaveEditor.UI.WPF.MysteryDungeon.Explorers.Views.SkyHeldItemEditView.InitializeComponent">
<summary>
InitializeComponent
</summary>
</member>
<member name="T:SkyEditor.SaveEditor.UI.WPF.MysteryDungeon.Explorers.Views.SkyQuicksaveTab">
<summary>
SkyQuicksaveTab
</summary>
</member>
<member name="M:SkyEditor.SaveEditor.UI.WPF.MysteryDungeon.Explorers.Views.SkyQuicksaveTab.InitializeComponent">
<summary>
InitializeComponent
</summary>
</member>
<member name="T:SkyEditor.SaveEditor.UI.WPF.MysteryDungeon.Explorers.Views.SkyStoredItemEditView">
<summary>
SkyStoredItemEditView
</summary>
</member>
<member name="M:SkyEditor.SaveEditor.UI.WPF.MysteryDungeon.Explorers.Views.SkyStoredItemEditView.InitializeComponent">
<summary>
InitializeComponent
</summary>
</member>
<member name="T:SkyEditor.SaveEditor.UI.WPF.MysteryDungeon.Explorers.SkyHistory">
<summary>
SkyHistory
</summary>
</member>
<member name="M:SkyEditor.SaveEditor.UI.WPF.MysteryDungeon.Explorers.SkyHistory.InitializeComponent">
<summary>
InitializeComponent
</summary>
</member>
<member name="T:SkyEditor.SaveEditor.UI.WPF.MysteryDungeon.Rescue.RBStoredItemEditView">
<summary>
RBStoredItemEditView
</summary>
</member>
<member name="M:SkyEditor.SaveEditor.UI.WPF.MysteryDungeon.Rescue.RBStoredItemEditView.InitializeComponent">
<summary>
InitializeComponent
</summary>
</member>
<member name="T:SkyEditor.SaveEditor.UI.WPF.MysteryDungeon.Rescue.RBStoredItemView">
<summary>
RBStoredItemView
</summary>
</member>
<member name="M:SkyEditor.SaveEditor.UI.WPF.MysteryDungeon.Rescue.RBStoredItemView.InitializeComponent">
<summary>
InitializeComponent
</summary>
</member>
<member name="T:SkyEditor.SaveEditor.UI.WPF.MysteryDungeon.Rescue.Views.RBStoredPokemonGeneralTab">
<summary>
RBStoredPokemonGeneralTab
</summary>
</member>
<member name="M:SkyEditor.SaveEditor.UI.WPF.MysteryDungeon.Rescue.Views.RBStoredPokemonGeneralTab.InitializeComponent">
<summary>
InitializeComponent
</summary>
</member>
<member name="T:SkyEditor.SaveEditor.UI.WPF.MysteryDungeon.Rescue.RBHeldItemEditView">
<summary>
RBHeldItemEditView
</summary>
</member>
<member name="M:SkyEditor.SaveEditor.UI.WPF.MysteryDungeon.Rescue.RBHeldItemEditView.InitializeComponent">
<summary>
InitializeComponent
</summary>
</member>
<member name="T:SkyEditor.SaveEditor.UI.WPF.MysteryDungeon.ExplorersAttackEditView">
<summary>
ExplorersAttackEditView
</summary>
</member>
<member name="M:SkyEditor.SaveEditor.UI.WPF.MysteryDungeon.ExplorersAttackEditView.InitializeComponent">
<summary>
InitializeComponent
</summary>
</member>
<member name="T:SkyEditor.SaveEditor.UI.WPF.InventoryTab">
<summary>
InventoryTab
</summary>
</member>
<member name="M:SkyEditor.SaveEditor.UI.WPF.InventoryTab.InitializeComponent">
<summary>
InitializeComponent
</summary>
</member>
<member name="T:SkyEditor.SaveEditor.UI.WPF.IPartyView">
<summary>
IPartyView
</summary>
</member>
<member name="M:SkyEditor.SaveEditor.UI.WPF.IPartyView.InitializeComponent">
<summary>
InitializeComponent
</summary>
</member>
<member name="T:SkyEditor.SaveEditor.UI.WPF.PokemonStorageView">
<summary>
PokemonStorageView
</summary>
</member>
<member name="M:SkyEditor.SaveEditor.UI.WPF.PokemonStorageView.InitializeComponent">
<summary>
InitializeComponent
</summary>
</member>
<member name="T:SkyEditor.SaveEditor.UI.WPF.ItemSlotView">
<summary>
ItemSlotView
</summary>
</member>
<member name="M:SkyEditor.SaveEditor.UI.WPF.ItemSlotView.InitializeComponent">
<summary>
InitializeComponent
</summary>
</member>
<member name="T:SkyEditor.SaveEditor.UI.WPF.I4MovesTab">
<summary>
I4MovesTab
</summary>
</member>
<member name="M:SkyEditor.SaveEditor.UI.WPF.I4MovesTab.InitializeComponent">
<summary>
InitializeComponent
</summary>
</member>
<member name="T:SkyEditor.SaveEditor.UI.WPF.RBGeneral">
<summary>
RBGeneral
</summary>
</member>
<member name="M:SkyEditor.SaveEditor.UI.WPF.RBGeneral.InitializeComponent">
<summary>
InitializeComponent
</summary>
</member>
<member name="T:SkyEditor.SaveEditor.UI.WPF.Tabs.GIGDGeneralTab">
<summary>
GIGDGeneralTab
</summary>
</member>
<member name="M:SkyEditor.SaveEditor.UI.WPF.Tabs.GIGDGeneralTab.InitializeComponent">
<summary>
InitializeComponent
</summary>
</member>
</members>
</doc>
