﻿<?xml version="1.0"?>
<doc>
<assembly>
<name>
SkyEditor.UI.WPF
</name>
</assembly>
<members>
<member name="T:SkyEditor.UI.WPF.My.Resources.Language">
<summary>
  A strongly-typed resource class, for looking up localized strings, etc.
</summary>
</member>
<member name="P:SkyEditor.UI.WPF.My.Resources.Language.ResourceManager">
<summary>
  Returns the cached ResourceManager instance used by this class.
</summary>
</member>
<member name="P:SkyEditor.UI.WPF.My.Resources.Language.Culture">
<summary>
  Overrides the current thread's CurrentUICulture property for all
  resource lookups using this strongly typed resource class.
</summary>
</member>
<member name="P:SkyEditor.UI.WPF.My.Resources.Language.AllFiles">
<summary>
  Looks up a localized string similar to All Files.
</summary>
</member>
<member name="P:SkyEditor.UI.WPF.My.Resources.Language.Anchorable_Errors_Header">
<summary>
  Looks up a localized string similar to Errors.
</summary>
</member>
<member name="P:SkyEditor.UI.WPF.My.Resources.Language.Anchorable_Errors_Message">
<summary>
  Looks up a localized string similar to Message.
</summary>
</member>
<member name="P:SkyEditor.UI.WPF.My.Resources.Language.Author">
<summary>
  Looks up a localized string similar to Author.
</summary>
</member>
<member name="P:SkyEditor.UI.WPF.My.Resources.Language.AuthorLabel">
<summary>
  Looks up a localized string similar to Author: .
</summary>
</member>
<member name="P:SkyEditor.UI.WPF.My.Resources.Language.BackgroundTask">
<summary>
  Looks up a localized string similar to Background Task.
</summary>
</member>
<member name="P:SkyEditor.UI.WPF.My.Resources.Language.Browse">
<summary>
  Looks up a localized string similar to Browse....
</summary>
</member>
<member name="P:SkyEditor.UI.WPF.My.Resources.Language.BuildProgress">
<summary>
  Looks up a localized string similar to Build Progress.
</summary>
</member>
<member name="P:SkyEditor.UI.WPF.My.Resources.Language.BuildStatus">
<summary>
  Looks up a localized string similar to Build Status.
</summary>
</member>
<member name="P:SkyEditor.UI.WPF.My.Resources.Language.Cancel">
<summary>
  Looks up a localized string similar to Cancel.
</summary>
</member>
<member name="P:SkyEditor.UI.WPF.My.Resources.Language.ContextMenuAddFolder">
<summary>
  Looks up a localized string similar to Add _Folder.
</summary>
</member>
<member name="P:SkyEditor.UI.WPF.My.Resources.Language.CreateExtension">
<summary>
  Looks up a localized string similar to Create Extension.
</summary>
</member>
<member name="P:SkyEditor.UI.WPF.My.Resources.Language.Credits">
<summary>
  Looks up a localized string similar to Credits.
</summary>
</member>
<member name="P:SkyEditor.UI.WPF.My.Resources.Language.CreditsLabel">
<summary>
  Looks up a localized string similar to Credits: .
</summary>
</member>
<member name="P:SkyEditor.UI.WPF.My.Resources.Language.Delete">
<summary>
  Looks up a localized string similar to Delete.
</summary>
</member>
<member name="P:SkyEditor.UI.WPF.My.Resources.Language.DeleteItemConfirmation">
<summary>
  Looks up a localized string similar to Are you sure you want to delete this?.
</summary>
</member>
<member name="P:SkyEditor.UI.WPF.My.Resources.Language.Description">
<summary>
  Looks up a localized string similar to Description.
</summary>
</member>
<member name="P:SkyEditor.UI.WPF.My.Resources.Language.DirectoryPrefix">
<summary>
  Looks up a localized string similar to [Directory] .
</summary>
</member>
<member name="P:SkyEditor.UI.WPF.My.Resources.Language.DocumentCloseConfirmation">
<summary>
  Looks up a localized string similar to Are you sure you want to close this file?  Any unsaved changes will be lost..
</summary>
</member>
<member name="P:SkyEditor.UI.WPF.My.Resources.Language.Edit">
<summary>
  Looks up a localized string similar to Edit.
</summary>
</member>
<member name="P:SkyEditor.UI.WPF.My.Resources.Language.Enabled">
<summary>
  Looks up a localized string similar to Enabled.
</summary>
</member>
<member name="P:SkyEditor.UI.WPF.My.Resources.Language.EnableDevMode">
<summary>
  Looks up a localized string similar to Enable Development Mode.
</summary>
</member>
<member name="P:SkyEditor.UI.WPF.My.Resources.Language.EnableVerboseOutput">
<summary>
  Looks up a localized string similar to Enable Verbose Output.
</summary>
</member>
<member name="P:SkyEditor.UI.WPF.My.Resources.Language.ErrorCantFindFileAt">
<summary>
  Looks up a localized string similar to Unable to find file at &quot;{0}&quot;..
</summary>
</member>
<member name="P:SkyEditor.UI.WPF.My.Resources.Language.ErrorHandling_FatalError">
<summary>
  Looks up a localized string similar to A fatal error has been occurred, and the details could not be displayed.  The original error message: {0}.
</summary>
</member>
<member name="P:SkyEditor.UI.WPF.My.Resources.Language.ErrorHandling_UIThreadErrorMessage">
<summary>
  Looks up a localized string similar to An unhandle exception has been thrown.
You may continue using the application, but there may be side-effects.  Please report this error regardless..
</summary>
</member>
<member name="P:SkyEditor.UI.WPF.My.Resources.Language.ErrorHandling_UnhandledExceptionMessage">
<summary>
  Looks up a localized string similar to An unhandled exception has been thrown.
The application must now close.  Please report this error..
</summary>
</member>
<member name="P:SkyEditor.UI.WPF.My.Resources.Language.ErrorUnsupportedType">
<summary>
  Looks up a localized string similar to The type &quot;{0}&quot; of the given object is not supported..
</summary>
</member>
<member name="P:SkyEditor.UI.WPF.My.Resources.Language.ExitConfirmation">
<summary>
  Looks up a localized string similar to Are you sure you want to exit Sky Editor?  Any unsaved changes will be lost..
</summary>
</member>
<member name="P:SkyEditor.UI.WPF.My.Resources.Language.ExtensionInfo">
<summary>
  Looks up a localized string similar to Extension Info.
</summary>
</member>
<member name="P:SkyEditor.UI.WPF.My.Resources.Language.ExtensionInstallInvalid">
<summary>
  Looks up a localized string similar to The provided file is not a valid extension..
</summary>
</member>
<member name="P:SkyEditor.UI.WPF.My.Resources.Language.ExtensionInstallRestart">
<summary>
  Looks up a localized string similar to The application must be restarted to complete installation.  Would you like to restart now?.
</summary>
</member>
<member name="P:SkyEditor.UI.WPF.My.Resources.Language.ExtensionInstallSuccess">
<summary>
  Looks up a localized string similar to Extension was installed successfully..
</summary>
</member>
<member name="P:SkyEditor.UI.WPF.My.Resources.Language.ExtensionInstallUnknownFailure">
<summary>
  Looks up a localized string similar to Unknown error installing extension..
</summary>
</member>
<member name="P:SkyEditor.UI.WPF.My.Resources.Language.ExtensionInstallUnsupported">
<summary>
  Looks up a localized string similar to The provided extension is not supported.  This may be an extension to another extension that&apos;s not currently installed..
</summary>
</member>
<member name="P:SkyEditor.UI.WPF.My.Resources.Language.ExtensionManager">
<summary>
  Looks up a localized string similar to Extension Manager.
</summary>
</member>
<member name="P:SkyEditor.UI.WPF.My.Resources.Language.ExtensionUninstallRestart">
<summary>
  Looks up a localized string similar to The application must be restarted to complete uninstallation.  Would you like to restart now?.
</summary>
</member>
<member name="P:SkyEditor.UI.WPF.My.Resources.Language.ExtensionUninstallSuccess">
<summary>
  Looks up a localized string similar to Extension was uninstalled successfully..
</summary>
</member>
<member name="P:SkyEditor.UI.WPF.My.Resources.Language.ExtensionUninstallUnknownFailure">
<summary>
  Looks up a localized string similar to Unknown error uninstalling extension..
</summary>
</member>
<member name="P:SkyEditor.UI.WPF.My.Resources.Language.Filename">
<summary>
  Looks up a localized string similar to Filename.
</summary>
</member>
<member name="P:SkyEditor.UI.WPF.My.Resources.Language.FileTypeSelector">
<summary>
  Looks up a localized string similar to File Type Selector.
</summary>
</member>
<member name="P:SkyEditor.UI.WPF.My.Resources.Language.FileTypeSelectorQuestion">
<summary>
  Looks up a localized string similar to What type of file is this?.
</summary>
</member>
<member name="P:SkyEditor.UI.WPF.My.Resources.Language.FormattedTitle">
<summary>
  Looks up a localized string similar to Sky Editor {0}{1}.
</summary>
</member>
<member name="P:SkyEditor.UI.WPF.My.Resources.Language.GenericErrorSeeOutput">
<summary>
  Looks up a localized string similar to An error has occurred.  See output for details..
</summary>
</member>
<member name="P:SkyEditor.UI.WPF.My.Resources.Language.Install">
<summary>
  Looks up a localized string similar to Install.
</summary>
</member>
<member name="P:SkyEditor.UI.WPF.My.Resources.Language.LoadingCopyingFile">
<summary>
  Looks up a localized string similar to Copying File....
</summary>
</member>
<member name="P:SkyEditor.UI.WPF.My.Resources.Language.Location">
<summary>
  Looks up a localized string similar to Location.
</summary>
</member>
<member name="P:SkyEditor.UI.WPF.My.Resources.Language.MainTitle">
<summary>
  Looks up a localized string similar to Sky Editor.
</summary>
</member>
<member name="P:SkyEditor.UI.WPF.My.Resources.Language.MainWindowCloseConfirmation">
<summary>
  Looks up a localized string similar to Are you sure you want to close Sky Editor?  Any unsaved changes will be lost..
</summary>
</member>
<member name="P:SkyEditor.UI.WPF.My.Resources.Language.MenuAddFile">
<summary>
  Looks up a localized string similar to Add _Existing File.
</summary>
</member>
<member name="P:SkyEditor.UI.WPF.My.Resources.Language.MenuAddProject">
<summary>
  Looks up a localized string similar to Add _Existing Project.
</summary>
</member>
<member name="P:SkyEditor.UI.WPF.My.Resources.Language.MenuCreateFile">
<summary>
  Looks up a localized string similar to Create _File.
</summary>
</member>
<member name="P:SkyEditor.UI.WPF.My.Resources.Language.MenuCreateFolder">
<summary>
  Looks up a localized string similar to Create _Folder.
</summary>
</member>
<member name="P:SkyEditor.UI.WPF.My.Resources.Language.MenuCreateProject">
<summary>
  Looks up a localized string similar to Create _Project.
</summary>
</member>
<member name="P:SkyEditor.UI.WPF.My.Resources.Language.MenuDelete">
<summary>
  Looks up a localized string similar to _Delete.
</summary>
</member>
<member name="P:SkyEditor.UI.WPF.My.Resources.Language.MenuDev">
<summary>
  Looks up a localized string similar to _Development.
</summary>
</member>
<member name="P:SkyEditor.UI.WPF.My.Resources.Language.MenuDevConsole">
<summary>
  Looks up a localized string similar to _Console.
</summary>
</member>
<member name="P:SkyEditor.UI.WPF.My.Resources.Language.MenuDevPlugins">
<summary>
  Looks up a localized string similar to _Plugins.
</summary>
</member>
<member name="P:SkyEditor.UI.WPF.My.Resources.Language.MenuFile">
<summary>
  Looks up a localized string similar to _File.
</summary>
</member>
<member name="P:SkyEditor.UI.WPF.My.Resources.Language.MenuFileNew">
<summary>
  Looks up a localized string similar to _New.
</summary>
</member>
<member name="P:SkyEditor.UI.WPF.My.Resources.Language.MenuFileNewFile">
<summary>
  Looks up a localized string similar to _File.
</summary>
</member>
<member name="P:SkyEditor.UI.WPF.My.Resources.Language.MenuFileNewSolution">
<summary>
  Looks up a localized string similar to _Solution.
</summary>
</member>
<member name="P:SkyEditor.UI.WPF.My.Resources.Language.MenuFileOpen">
<summary>
  Looks up a localized string similar to _Open.
</summary>
</member>
<member name="P:SkyEditor.UI.WPF.My.Resources.Language.MenuFileOpenAuto">
<summary>
  Looks up a localized string similar to Open (_Auto-Detect File Type).
</summary>
</member>
<member name="P:SkyEditor.UI.WPF.My.Resources.Language.MenuFileOpenManual">
<summary>
  Looks up a localized string similar to Open (Let me _Choose File Type).
</summary>
</member>
<member name="P:SkyEditor.UI.WPF.My.Resources.Language.MenuFileSave">
<summary>
  Looks up a localized string similar to _Save.
</summary>
</member>
<member name="P:SkyEditor.UI.WPF.My.Resources.Language.MenuFileSaveAll">
<summary>
  Looks up a localized string similar to _Save All.
</summary>
</member>
<member name="P:SkyEditor.UI.WPF.My.Resources.Language.MenuFileSaveAs">
<summary>
  Looks up a localized string similar to Save _As....
</summary>
</member>
<member name="P:SkyEditor.UI.WPF.My.Resources.Language.MenuFileSaveFile">
<summary>
  Looks up a localized string similar to Save _File.
</summary>
</member>
<member name="P:SkyEditor.UI.WPF.My.Resources.Language.MenuFileSaveFileAs">
<summary>
  Looks up a localized string similar to Save _As....
</summary>
</member>
<member name="P:SkyEditor.UI.WPF.My.Resources.Language.MenuFileSaveSolution">
<summary>
  Looks up a localized string similar to Save _Solution.
</summary>
</member>
<member name="P:SkyEditor.UI.WPF.My.Resources.Language.MenuHelp">
<summary>
  Looks up a localized string similar to _Help.
</summary>
</member>
<member name="P:SkyEditor.UI.WPF.My.Resources.Language.MenuHelpCredits">
<summary>
  Looks up a localized string similar to _Credits.
</summary>
</member>
<member name="P:SkyEditor.UI.WPF.My.Resources.Language.MenuProperties">
<summary>
  Looks up a localized string similar to _Properties.
</summary>
</member>
<member name="P:SkyEditor.UI.WPF.My.Resources.Language.MenuSolution">
<summary>
  Looks up a localized string similar to _Solution.
</summary>
</member>
<member name="P:SkyEditor.UI.WPF.My.Resources.Language.MenuSolutionBuild">
<summary>
  Looks up a localized string similar to _Build.
</summary>
</member>
<member name="P:SkyEditor.UI.WPF.My.Resources.Language.MenuTools">
<summary>
  Looks up a localized string similar to _Tools.
</summary>
</member>
<member name="P:SkyEditor.UI.WPF.My.Resources.Language.MenuToolsExtensions">
<summary>
  Looks up a localized string similar to _Extensions.
</summary>
</member>
<member name="P:SkyEditor.UI.WPF.My.Resources.Language.MenuToolsSettings">
<summary>
  Looks up a localized string similar to _Settings.
</summary>
</member>
<member name="P:SkyEditor.UI.WPF.My.Resources.Language.MenuView">
<summary>
  Looks up a localized string similar to _View.
</summary>
</member>
<member name="P:SkyEditor.UI.WPF.My.Resources.Language.MenuViewApplicationErrors">
<summary>
  Looks up a localized string similar to Errors.
</summary>
</member>
<member name="P:SkyEditor.UI.WPF.My.Resources.Language.MenuViewSolutionBuildProgress">
<summary>
  Looks up a localized string similar to Solution _Build Progress.
</summary>
</member>
<member name="P:SkyEditor.UI.WPF.My.Resources.Language.MenuViewSolutionExplorer">
<summary>
  Looks up a localized string similar to Solution _Explorer.
</summary>
</member>
<member name="P:SkyEditor.UI.WPF.My.Resources.Language.Name">
<summary>
  Looks up a localized string similar to Name.
</summary>
</member>
<member name="P:SkyEditor.UI.WPF.My.Resources.Language.NewFile">
<summary>
  Looks up a localized string similar to New File.
</summary>
</member>
<member name="P:SkyEditor.UI.WPF.My.Resources.Language.NewFileQuestion">
<summary>
  Looks up a localized string similar to What kind of file are you adding?.
</summary>
</member>
<member name="P:SkyEditor.UI.WPF.My.Resources.Language.NewFolder">
<summary>
  Looks up a localized string similar to New Folder.
</summary>
</member>
<member name="P:SkyEditor.UI.WPF.My.Resources.Language.NewFolderQuestion">
<summary>
  Looks up a localized string similar to What should the folder be named?.
</summary>
</member>
<member name="P:SkyEditor.UI.WPF.My.Resources.Language.NewNameWindowQuestion">
<summary>
  Looks up a localized string similar to What should the new file be called?.
</summary>
</member>
<member name="P:SkyEditor.UI.WPF.My.Resources.Language.NewSolution">
<summary>
  Looks up a localized string similar to New Solution.
</summary>
</member>
<member name="P:SkyEditor.UI.WPF.My.Resources.Language.NoAvailableUI">
<summary>
  Looks up a localized string similar to There is no available UI for this object of type &quot;{0}&quot;..
</summary>
</member>
<member name="P:SkyEditor.UI.WPF.My.Resources.Language.OK">
<summary>
  Looks up a localized string similar to OK.
</summary>
</member>
<member name="P:SkyEditor.UI.WPF.My.Resources.Language.Output">
<summary>
  Looks up a localized string similar to Output.
</summary>
</member>
<member name="P:SkyEditor.UI.WPF.My.Resources.Language.PluginAuthor">
<summary>
  Looks up a localized string similar to evandixon.
</summary>
</member>
<member name="P:SkyEditor.UI.WPF.My.Resources.Language.PluginCredits">
<summary>
  Looks up a localized string similar to Sky Editor was made using the following libraries:

Newtonsoft.Json - Copyright © 2007 James Newton-King
Extended WPF Toolkit - Copyright © Xceed Software Inc. 2010-2016
Sharp Zip Lib﻿ - Copyright © 2000-2016 SharpZipLib Contributors.
</summary>
</member>
<member name="P:SkyEditor.UI.WPF.My.Resources.Language.PluginName">
<summary>
  Looks up a localized string similar to Sky Editor UI - WPF.
</summary>
</member>
<member name="P:SkyEditor.UI.WPF.My.Resources.Language.Plugins">
<summary>
  Looks up a localized string similar to Plugins.
</summary>
</member>
<member name="P:SkyEditor.UI.WPF.My.Resources.Language.Progress">
<summary>
  Looks up a localized string similar to Progress.
</summary>
</member>
<member name="P:SkyEditor.UI.WPF.My.Resources.Language.ProjectName">
<summary>
  Looks up a localized string similar to Project Name.
</summary>
</member>
<member name="P:SkyEditor.UI.WPF.My.Resources.Language.ProjectPrefix">
<summary>
  Looks up a localized string similar to [Project] .
</summary>
</member>
<member name="P:SkyEditor.UI.WPF.My.Resources.Language.Ready">
<summary>
  Looks up a localized string similar to Ready.
</summary>
</member>
<member name="P:SkyEditor.UI.WPF.My.Resources.Language.References">
<summary>
  Looks up a localized string similar to References.
</summary>
</member>
<member name="P:SkyEditor.UI.WPF.My.Resources.Language.Settings">
<summary>
  Looks up a localized string similar to Settings.
</summary>
</member>
<member name="P:SkyEditor.UI.WPF.My.Resources.Language.SettingsApplyRestartWarning">
<summary>
  Looks up a localized string similar to Changes will not be applied until the program has been restarted..
</summary>
</member>
<member name="P:SkyEditor.UI.WPF.My.Resources.Language.SkyEditorConsole">
<summary>
  Looks up a localized string similar to Sky Editor Console.
</summary>
</member>
<member name="P:SkyEditor.UI.WPF.My.Resources.Language.SkyEditorSolution">
<summary>
  Looks up a localized string similar to Sky Editor Solution.
</summary>
</member>
<member name="P:SkyEditor.UI.WPF.My.Resources.Language.SolutionBuildFailedSeeOutput">
<summary>
  Looks up a localized string similar to Failed to build solution.  See output for details..
</summary>
</member>
<member name="P:SkyEditor.UI.WPF.My.Resources.Language.SolutionExplorer">
<summary>
  Looks up a localized string similar to Solution Explorer.
</summary>
</member>
<member name="P:SkyEditor.UI.WPF.My.Resources.Language.SolutionExplorerToolWindowTitle">
<summary>
  Looks up a localized string similar to Solution Explorer.
</summary>
</member>
<member name="P:SkyEditor.UI.WPF.My.Resources.Language.Status">
<summary>
  Looks up a localized string similar to Status.
</summary>
</member>
<member name="P:SkyEditor.UI.WPF.My.Resources.Language.Type">
<summary>
  Looks up a localized string similar to Type.
</summary>
</member>
<member name="P:SkyEditor.UI.WPF.My.Resources.Language.Uninstall">
<summary>
  Looks up a localized string similar to Uninstall.
</summary>
</member>
<member name="P:SkyEditor.UI.WPF.My.Resources.Language.Version">
<summary>
  Looks up a localized string similar to Version.
</summary>
</member>
<member name="P:SkyEditor.UI.WPF.My.Resources.Language.VersionPrefix">
<summary>
  Looks up a localized string similar to Beta .
</summary>
</member>
<member name="P:SkyEditor.UI.WPF.My.Resources.Language.Welcome">
<summary>
  Looks up a localized string similar to Welcome.
</summary>
</member>
<member name="P:SkyEditor.UI.WPF.My.Resources.Language.WelcomeMessage">
<summary>
  Looks up a localized string similar to Welcome to Sky Editor!  To begin, use File -&gt; Open to open a supported save file..
</summary>
</member>
<member name="P:SkyEditor.UI.WPF.My.Resources.Language.ZipFiles">
<summary>
  Looks up a localized string similar to Zip Files.
</summary>
</member>
<member name="T:SkyEditor.UI.WPF.My.Resources.Resources">
<summary>
  A strongly-typed resource class, for looking up localized strings, etc.
</summary>
</member>
<member name="P:SkyEditor.UI.WPF.My.Resources.Resources.ResourceManager">
<summary>
  Returns the cached ResourceManager instance used by this class.
</summary>
</member>
<member name="P:SkyEditor.UI.WPF.My.Resources.Resources.Culture">
<summary>
  Overrides the current thread's CurrentUICulture property for all
  resource lookups using this strongly typed resource class.
</summary>
</member>
<member name="P:SkyEditor.UI.WPF.My.Resources.Resources.favicon">
<summary>
  Looks up a localized resource of type System.Drawing.Icon similar to (Icon).
</summary>
</member>
<member name="T:SkyEditor.UI.WPF.My.Resources.SettingNames">
<summary>
  A strongly-typed resource class, for looking up localized strings, etc.
</summary>
</member>
<member name="P:SkyEditor.UI.WPF.My.Resources.SettingNames.ResourceManager">
<summary>
  Returns the cached ResourceManager instance used by this class.
</summary>
</member>
<member name="P:SkyEditor.UI.WPF.My.Resources.SettingNames.Culture">
<summary>
  Overrides the current thread's CurrentUICulture property for all
  resource lookups using this strongly typed resource class.
</summary>
</member>
<member name="P:SkyEditor.UI.WPF.My.Resources.SettingNames.MainWindowHeight">
<summary>
  Looks up a localized string similar to SkyEditor.UI.WPF.Settings.MainWindowHeight.
</summary>
</member>
<member name="P:SkyEditor.UI.WPF.My.Resources.SettingNames.MainWindowMaximized">
<summary>
  Looks up a localized string similar to SkyEditor.UI.WPF.Settings.IsMainWindowMaximized.
</summary>
</member>
<member name="P:SkyEditor.UI.WPF.My.Resources.SettingNames.MainWindowWidth">
<summary>
  Looks up a localized string similar to SkyEditor.UI.WPF.Settings.MainWindowWidth.
</summary>
</member>
<member name="T:SkyEditor.UI.WPF.AvalonHelpers.AvalonDockLayoutSerializer">
 <remarks>
 Class implements an attached behavior to load/save a layout for AvalonDock manager.
 This layout defines the position and shape of each document and tool window
 displayed in the application.
 
 Load/Save is triggered through command binding
 On application start (AvalonDock.Load event results in LoadLayoutCommand) and
    application shutdown (AvalonDock.Unload event results in SaveLayoutCommand).
 
 This implementation of layout save/load is MVVM compliant, robust, and simple to use.
 Just add the following code into your XAML:
 
 xmlns:AVBehav="clr-namespace:Edi.View.Behavior"
 ...
 
 avalonDock:DockingManager AnchorablesSource="{Binding Tools}" 
                           DocumentsSource="{Binding Files}"
                           ActiveContent="{Binding ActiveDocument, Mode=TwoWay, Converter={StaticResource ActiveDocumentConverter}}"
                           Grid.Row="3"
                           SnapsToDevicePixels="True"
                AVBehav:AvalonDockLayoutSerializer.LoadLayoutCommand="{Binding LoadLayoutCommand}"
                AVBehav:AvalonDockLayoutSerializer.SaveLayoutCommand="{Binding SaveLayoutCommand}"
                
 The LoadLayoutCommand passes a reference of the AvalonDock Manager instance to load the XML layout.
 The SaveLayoutCommand passes a string of the XML Layout which can be persisted by the viewmodel/model.
 
 Both command bindings work with RoutedCommands or delegate commands (RelayCommand).
 
 Credit to Dirk Bahle for implementation
 http://www.codeproject.com/Articles/719143/AvalonDock-Tutorial-Part-Load-Save-Layout
 </remarks>
</member>
<member name="F:SkyEditor.UI.WPF.AvalonHelpers.AvalonDockLayoutSerializer.LoadLayoutCommandProperty">
 <summary>
 Backing store for LoadLayoutCommand dependency property
 </summary>
</member>
<member name="F:SkyEditor.UI.WPF.AvalonHelpers.AvalonDockLayoutSerializer.SaveLayoutCommandProperty">
 <summary>
 Backing store for SaveLayoutCommand dependency property
 </summary>
</member>
<member name="M:SkyEditor.UI.WPF.AvalonHelpers.AvalonDockLayoutSerializer.GetLoadLayoutCommand(System.Windows.DependencyObject)">
 <summary>
 Standard get method of <seealso cref="F:SkyEditor.UI.WPF.AvalonHelpers.AvalonDockLayoutSerializer.LoadLayoutCommandProperty"/> dependency property.
 </summary>
 <param name="obj"></param>
 <returns></returns>
</member>
<member name="M:SkyEditor.UI.WPF.AvalonHelpers.AvalonDockLayoutSerializer.SetLoadLayoutCommand(System.Windows.DependencyObject,System.Windows.Input.ICommand)">
 <summary>
 Standard set method of <seealso cref="F:SkyEditor.UI.WPF.AvalonHelpers.AvalonDockLayoutSerializer.LoadLayoutCommandProperty"/> dependency property.
 </summary>
 <param name="obj"></param>
 <param name="value"></param>
</member>
<member name="M:SkyEditor.UI.WPF.AvalonHelpers.AvalonDockLayoutSerializer.OnLoadLayoutCommandChanged(System.Windows.DependencyObject,System.Windows.DependencyPropertyChangedEventArgs)">
 <summary>
 This method is executed if a <seealso cref="F:SkyEditor.UI.WPF.AvalonHelpers.AvalonDockLayoutSerializer.LoadLayoutCommandProperty"/> dependency property
 is about to change its value (eg: The framewark assigns bindings).
 </summary>
 <param name="d"></param>
 <param name="e"></param>
</member>
<member name="M:SkyEditor.UI.WPF.AvalonHelpers.AvalonDockLayoutSerializer.OnFrameworkElement_Loaded(System.Object,System.Windows.RoutedEventArgs)">
 <summary>
 This method is executed when a AvalonDock <seealso cref="T:Xceed.Wpf.AvalonDock.DockingManager"/> instance fires the
 Load standard (FrameworkElement) event.
 </summary>
 <param name="sender"></param>
 <param name="e"></param>
</member>
<member name="M:SkyEditor.UI.WPF.AvalonHelpers.AvalonDockLayoutSerializer.GetSaveLayoutCommand(System.Windows.DependencyObject)">
 <summary>
 Standard get method of <seealso cref="F:SkyEditor.UI.WPF.AvalonHelpers.AvalonDockLayoutSerializer.SaveLayoutCommandProperty"/> dependency property.
 </summary>
 <param name="obj"></param>
 <returns></returns>
</member>
<member name="M:SkyEditor.UI.WPF.AvalonHelpers.AvalonDockLayoutSerializer.SetSaveLayoutCommand(System.Windows.DependencyObject,System.Windows.Input.ICommand)">
 <summary>
 Standard get method of <seealso cref="F:SkyEditor.UI.WPF.AvalonHelpers.AvalonDockLayoutSerializer.SaveLayoutCommandProperty"/> dependency property.
 </summary>
 <param name="obj"></param>
 <param name="value"></param>
</member>
<member name="M:SkyEditor.UI.WPF.AvalonHelpers.AvalonDockLayoutSerializer.OnSaveLayoutCommandChanged(System.Windows.DependencyObject,System.Windows.DependencyPropertyChangedEventArgs)">
 <summary>
 This method is executed if a <seealso cref="F:SkyEditor.UI.WPF.AvalonHelpers.AvalonDockLayoutSerializer.SaveLayoutCommandProperty"/> dependency property
 is about to change its value (eg: The framewark assigns bindings).
 </summary>
 <param name="d"></param>
 <param name="e"></param>
</member>
<member name="M:SkyEditor.UI.WPF.AvalonHelpers.AvalonDockLayoutSerializer.OnFrameworkElement_Saveed(System.Object,System.Windows.RoutedEventArgs)">
 <summary>
 This method is executed when a AvalonDock <seealso cref="T:Xceed.Wpf.AvalonDock.DockingManager"/> instance fires the
 Unload standard (FrameworkElement) event.
 </summary>
 <param name="sender"></param>
 <param name="e"></param>
</member>
<member name="T:SkyEditor.UI.WPF.AvalonHelpers.AvalonDockLayoutViewModel">
 <summary>
 Class implements a viewmodel to support the
 <seealso cref="T:SkyEditor.UI.WPF.AvalonHelpers.AvalonDockLayoutSerializer"/>
 attached behavior which is used to implement
 load/save of layout information on application
 start and shut-down.
 </summary>
</member>
<member name="P:SkyEditor.UI.WPF.AvalonHelpers.AvalonDockLayoutViewModel.LoadLayoutCommand">
 <summary>
 Implement a command to load the layout of an AvalonDock-DockingManager instance.
 This layout defines the position and shape of each document and tool window
 displayed in the application.
 
 Parameter:
 The command expects a reference to a <seealso cref="T:Xceed.Wpf.AvalonDock.DockingManager"/> instance to
 work correctly. Not supplying that reference results in not loading a layout (silent return).
 </summary>
</member>
<member name="P:SkyEditor.UI.WPF.AvalonHelpers.AvalonDockLayoutViewModel.SaveLayoutCommand">
 <summary>
 Implements a command to save the layout of an AvalonDock-DockingManager instance.
 This layout defines the position and shape of each document and tool window
 displayed in the application.
 
 Parameter:
 The command expects a reference to a <seealso cref="T:System.String"/> instance to
 work correctly. The string is supposed to contain the XML layout persisted
 from the DockingManager instance. Not supplying that reference to the string
 results in not saving a layout (silent return).
 </summary>
</member>
<member name="M:SkyEditor.UI.WPF.AvalonHelpers.AvalonDockLayoutViewModel.LoadDockingManagerLayout(Xceed.Wpf.AvalonDock.DockingManager)">
 <summary>
 Loads the layout of a particular docking manager instance from persistence
 and checks whether a file should really be reloaded (some files may no longer
 be available).
 </summary>
 <param name="docManager"></param>
</member>
<member name="T:SkyEditor.UI.WPF.DataBoundViewControl">
 <summary>
 A view that directly supports WPF DataBinding.
 </summary>
</member>
<member name="E:SkyEditor.UI.WPF.DataBoundViewControl.HeaderUpdated">
 <summary>
 Raised when Header is changed.
 </summary>
</member>
<member name="E:SkyEditor.UI.WPF.DataBoundViewControl.IsModifiedChanged">
 <summary>
 Raised when IsModified is changed.
 </summary>
</member>
<member name="P:SkyEditor.UI.WPF.DataBoundViewControl.Header">
 <summary>
 Returns the value of the Header.  Only used when the iObjectControl is behaving as a tab.
 </summary>
 <returns></returns>
</member>
<member name="P:SkyEditor.UI.WPF.DataBoundViewControl.IsModified">
 <summary>
 Whether or not the EditingObject has been modified without saving.
 Set to true when the user changes anything in the GUI.
 Set to false when the object is saved, or if the user undoes every change.
 </summary>
 <returns></returns>
</member>
<member name="P:SkyEditor.UI.WPF.DataBoundViewControl.ViewModel">
 <summary>
 The object the control edits
 </summary>
 <returns></returns>
</member>
<member name="P:SkyEditor.UI.WPF.DataBoundViewControl.SortOrder">
 <summary>
 Returns the sort order of this control when editing the given type.
 Note: The returned value is context-specific.  Higher values make a Control more likely to be used, but lower values make tabs appear higher in the list of tabs.
 </summary>
</member>
<member name="P:SkyEditor.UI.WPF.DataBoundViewControl.CurrentApplicationViewModel">
 <summary>
 The instance of the current application ViewModel
 </summary>
</member>
<member name="P:SkyEditor.UI.WPF.DataBoundViewControl.TargetType">
 <summary>
 The type of the object to edit
 </summary>
</member>
<member name="P:SkyEditor.UI.WPF.DataBoundViewControl.IsBackupControl">
 <summary>
 If True, this control will not be used if another one exists.
 </summary>
</member>
<member name="M:SkyEditor.UI.WPF.DataBoundViewControl.GetSupportedTypes">
 <summary>
 Returns an IEnumeriable of Types that this control can display or edit.
 </summary>
 <returns></returns>
</member>
<member name="M:SkyEditor.UI.WPF.DataBoundViewControl.SupportsObject(System.Object)">
 <summary>
 Determines whether or not the control supports the given object.
 The given object will inherit or implement one of the types in GetSupportedTypes.
 </summary>
 <param name="Obj"></param>
 <returns></returns>
</member>
<member name="M:SkyEditor.UI.WPF.DataBoundViewControl.GetIsBackupControl">
 <summary>
 If True, this control will not be used if another one exists.
 </summary>
 <returns></returns>
</member>
<member name="T:SkyEditor.UI.WPF.ImageConverter">

 One-way converter from System.Drawing.Image to System.Windows.Media.ImageSource
 
 Copied from http://stevecooper.org/2010/08/06/databinding-a-system-drawing-image-into-a-wpf-system-windows-image/
 Written by Matt Galbraith of Microsoft
 Date copied: 12-13-2015

</member>
<member name="P:SkyEditor.UI.WPF.ErrorWindow.ShowContinue">
 <summary>
 Gets or sets whether or not the "Continue" button is visible.
 </summary>
 <remarks>For UI exceptions, continuing could be safe.
 For application exceptions, continuing is not possible, so the button should not be shown.</remarks>
</member>
<member name="P:SkyEditor.UI.WPF.ErrorWindow.Message">
 <summary>
 Friendly, context-specific method shown to the user.
 </summary>
 <remarks>This property is intended to be a user-friendly context-specific message about what went wrong.
 For example: "An error occurred while attempting to automatically load the save file."</remarks>
</member>
<member name="T:SkyEditor.UI.WPF.FileTypeSelector">
<summary>
FileTypeSelector
</summary>
</member>
<member name="M:SkyEditor.UI.WPF.FileTypeSelector.InitializeComponent">
<summary>
InitializeComponent
</summary>
</member>
<member name="M:SkyEditor.UI.WPF.Internal.ConsoleManager.Show">
 <summary>
 Creates a new console instance if the process is not attached to a console already.
 </summary>
</member>
<member name="M:SkyEditor.UI.WPF.Internal.ConsoleManager.Hide">
 <summary>
 If the process has a console attached to it, it will be detached and no longer visible. Writing to the System.Console is still possible, but no output will be shown.
 </summary>
</member>
<member name="M:SkyEditor.UI.WPF.IOUIManagerExtensions.GetOpenFileDialog(SkyEditor.Core.ApplicationViewModel)">
 <summary>
 Gets an OpenFileDialog that can open any supported file.
 </summary>
 <param name="appViewModel">Instance of the current application ViewModel</param>
 <returns>An OpenFileDialog with a filter that displays all supported files.</returns>
</member>
<member name="M:SkyEditor.UI.WPF.IOUIManagerExtensions.GetOpenFileDialog(SkyEditor.Core.ApplicationViewModel,System.Collections.Generic.ICollection{System.String})">
 <summary>
 Gets an OpenFileDialog that can open any supported file.
 </summary>
 <param name="appViewModel">Instance of the current application ViewModel</param>
 <param name="filters">The file extensions to include in the filter.</param>
 <returns>An OpenFileDialog with a filter defined by <paramref name="filters"/>.</returns>
</member>
<member name="M:SkyEditor.UI.WPF.IOUIManagerExtensions.GetSaveFileDialog(SkyEditor.Core.ApplicationViewModel,SkyEditor.Core.UI.FileViewModel)">
 <summary>
 Gets a SaveFileDialog with a filter especially for the given file.
 </summary>
 <param name="appViewModel">Instance of the current application ViewModel</param>
 <param name="file">File for which to get the SaveFileDialog.</param>
 <returns>A SaveFileDialog with a filter containing the <paramref name="file"/>'s supported extensions, with the currently selected one being the default extension.</returns>
</member>
<member name="T:SkyEditor.UI.WPF.MainWindow3">
<summary>
MainWindow3
</summary>
</member>
<member name="P:SkyEditor.UI.WPF.MainWindow3.CurrentApplicationViewModel">
 <summary>
 
 </summary>
 <returns></returns>
 <remarks>Currently, this window only supports plugin managers that have a WPFIOUIManager as the CurrentIOUIManager</remarks>
</member>
<member name="P:SkyEditor.UI.WPF.MainWindow3.RestartOnExit">
 <summary>
 If true, application will be restarted when the form is closed.
 </summary>
 <returns></returns>
</member>
<member name="M:SkyEditor.UI.WPF.MainWindow3.InitializeComponent">
<summary>
InitializeComponent
</summary>
</member>
<member name="M:SkyEditor.UI.WPF.ObjectControl.RefreshDisplay">
 <summary>
 Updates UI elements to display certain properties.
 </summary>
</member>
<member name="M:SkyEditor.UI.WPF.ObjectControl.UpdateObject">
 <summary>
 Updates the EditingObject using data in UI elements.
 </summary>
</member>
<member name="M:SkyEditor.UI.WPF.ObjectControl.GetSupportedTypes">
 <summary>
 Returns an IEnumeriable of Types that this control can display or edit.
 </summary>
 <returns></returns>
</member>
<member name="M:SkyEditor.UI.WPF.ObjectControl.SupportsObject(System.Object)">
 <summary>
 Determines whether or not the control supports the given object.
 The given object will inherit or implement one of the types in GetSupportedTypes.
 </summary>
 <param name="Obj"></param>
 <returns></returns>
</member>
<member name="M:SkyEditor.UI.WPF.ObjectControl.IsBackupControl">
 <summary>
 If True, this control will not be used if another one exists.
 </summary>
 <returns></returns>
</member>
<member name="E:SkyEditor.UI.WPF.ObjectControl.HeaderUpdated">
 <summary>
 Called when Header is changed.
 </summary>
</member>
<member name="E:SkyEditor.UI.WPF.ObjectControl.IsModifiedChanged">
 <summary>
 Called when IsModified is changed.
 </summary>
</member>
<member name="P:SkyEditor.UI.WPF.ObjectControl.Header">
 <summary>
 Returns the value of the Header.  Only used when the iObjectControl is behaving as a tab.
 </summary>
 <returns></returns>
</member>
<member name="M:SkyEditor.UI.WPF.ObjectControl.GetEditingObject``1">
 <summary>
 Returns the current EditingObject, after casting it to type T.
 </summary>
 <typeparam name="T"></typeparam>
 <returns></returns>
</member>
<member name="M:SkyEditor.UI.WPF.ObjectControl.GetEditingObject">
 <summary>
 Returns the current EditingObject.
 It is recommended to use GetEditingObject(Of T), since it returns iContainter(Of T).Item if the EditingObject implements that interface.
 </summary>
 <returns></returns>
</member>
<member name="P:SkyEditor.UI.WPF.ObjectControl.EditingObject">
 <summary>
 The way to get the EditingObject from outside this class.  Refreshes the display on set, and updates the object on get.
 Calling this from inside this class could result in a stack overflow, especially if called from UpdateObject, so use GetEditingObject or GetEditingObject(Of T) instead.
 </summary>
 <returns></returns>
</member>
<member name="P:SkyEditor.UI.WPF.ObjectControl.IsModified">
 <summary>
 Whether or not the EditingObject has been modified without saving.
 Set to true when the user changes anything in the GUI.
 Set to false when the object is saved, or if the user undoes every change.
 </summary>
 <returns></returns>
</member>
<member name="M:SkyEditor.UI.WPF.ViewModels.Projects.ProjectBaseHeiarchyItemViewModel.#ctor(SkyEditor.Core.Projects.ProjectBase)">
 <summary>
 Creates a new instance of <see cref="T:SkyEditor.UI.WPF.ViewModels.Projects.ProjectBaseHeiarchyItemViewModel"/> representing the root node of the given project.
 </summary>
 <param name="project"></param>
</member>
<member name="M:SkyEditor.UI.WPF.ViewModels.Projects.ProjectBaseHeiarchyItemViewModel.#ctor(SkyEditor.Core.Projects.ProjectBase,SkyEditor.UI.WPF.ViewModels.Projects.ProjectBaseHeiarchyItemViewModel,System.String)">
 <summary>
 Creates a new instance of <see cref="T:SkyEditor.UI.WPF.ViewModels.Projects.ProjectBaseHeiarchyItemViewModel"/>.
 </summary>
 <param name="project"></param>
 <param name="parent"></param>
 <param name="currentPath"></param>
</member>
<member name="P:SkyEditor.UI.WPF.ViewModels.Projects.ProjectBaseHeiarchyItemViewModel.IsRoot">
 <summary>
 Whether or not this is the root node.
 </summary>
 <returns>A boolean indicating whether this is the root node.</returns>
 <remarks>Whether or not a node is the root node depends on whether or not there is a parent node.
 If a node is the parent node, it is responsible for handling all events.</remarks>
</member>
<member name="M:SkyEditor.UI.WPF.ViewModels.Projects.ProjectBaseHeiarchyItemViewModel.CreateNode(SkyEditor.Core.Projects.ProjectBase,System.String)">
 <summary>
 Creates a new instance of a node to represent the item at the given path.
 </summary>
 <param name="project"></param>
 <param name="path"></param>
 <returns></returns>
</member>
<member name="M:SkyEditor.UI.WPF.ViewModels.Projects.ProjectBaseHeiarchyItemViewModel.FindNode(System.String)">
 <summary>
 Finds the node with the given absolute path.  Should only be called on the root node, will fail on any other node.
 </summary>
 <param name="path"></param>
 <returns>The <see cref="T:SkyEditor.UI.WPF.ViewModels.Projects.ProjectBaseHeiarchyItemViewModel"/> at the given path, or null if it does not exist.</returns>
</member>
<member name="M:SkyEditor.UI.WPF.ViewModels.Projects.ProjectBaseHeiarchyItemViewModel.FindItem(System.String)">
 <summary>
 Finds the child node with the given name.
 </summary>
 <param name="name"></param>
 <returns>The <see cref="T:SkyEditor.UI.WPF.ViewModels.Projects.ProjectBaseHeiarchyItemViewModel"/> with the given name, or null if it does not exist.</returns>
</member>
<member name="T:SkyEditor.UI.WPF.NewFileWindow">
<summary>
NewFileWindow
</summary>
</member>
<member name="M:SkyEditor.UI.WPF.NewFileWindow.InitializeComponent">
<summary>
InitializeComponent
</summary>
</member>
<member name="T:SkyEditor.UI.WPF.NewNameWindow">
<summary>
NewNameWindow
</summary>
</member>
<member name="M:SkyEditor.UI.WPF.NewNameWindow.InitializeComponent">
<summary>
InitializeComponent
</summary>
</member>
<member name="T:SkyEditor.UI.WPF.NewSolutionWindow">
<summary>
NewSolutionWindow
</summary>
</member>
<member name="M:SkyEditor.UI.WPF.NewSolutionWindow.InitializeComponent">
<summary>
InitializeComponent
</summary>
</member>
<member name="T:SkyEditor.UI.WPF.ApplicationErrorsView">
<summary>
ApplicationErrorsView
</summary>
</member>
<member name="M:SkyEditor.UI.WPF.ApplicationErrorsView.InitializeComponent">
<summary>
InitializeComponent
</summary>
</member>
<member name="T:SkyEditor.UI.WPF.Views.Credits">
<summary>
Credits
</summary>
</member>
<member name="M:SkyEditor.UI.WPF.Views.Credits.InitializeComponent">
<summary>
InitializeComponent
</summary>
</member>
<member name="T:SkyEditor.UI.WPF.Views.ExtensionInfo">
<summary>
ExtensionInfo
</summary>
</member>
<member name="M:SkyEditor.UI.WPF.Views.ExtensionInfo.InitializeComponent">
<summary>
InitializeComponent
</summary>
</member>
<member name="T:SkyEditor.UI.WPF.Views.GenericIList">
<summary>
GenericIList
</summary>
</member>
<member name="M:SkyEditor.UI.WPF.Views.GenericIList.InitializeComponent">
<summary>
InitializeComponent
</summary>
</member>
<member name="T:SkyEditor.UI.WPF.Views.SettingsEditor">
<summary>
SettingsEditor
</summary>
</member>
<member name="M:SkyEditor.UI.WPF.Views.SettingsEditor.InitializeComponent">
<summary>
InitializeComponent
</summary>
</member>
<member name="T:SkyEditor.UI.WPF.ObjectControls.ExtensionManager">
<summary>
ExtensionManager
</summary>
</member>
<member name="M:SkyEditor.UI.WPF.ObjectControls.ExtensionManager.InitializeComponent">
<summary>
InitializeComponent
</summary>
</member>
<member name="T:SkyEditor.UI.WPF.ObjectControls.ProjectReferences">
<summary>
ProjectReferences
</summary>
</member>
<member name="M:SkyEditor.UI.WPF.ObjectControls.ProjectReferences.InitializeComponent">
<summary>
InitializeComponent
</summary>
</member>
<member name="T:SkyEditor.UI.WPF.ObjectControls.SolutionBuildProgress">
<summary>
SolutionBuildProgress
</summary>
</member>
<member name="M:SkyEditor.UI.WPF.ObjectControls.SolutionBuildProgress.InitializeComponent">
<summary>
InitializeComponent
</summary>
</member>
<member name="T:SkyEditor.UI.WPF.ObjectControls.SolutionExplorer">
<summary>
SolutionExplorer
</summary>
</member>
<member name="M:SkyEditor.UI.WPF.ObjectControls.SolutionExplorer.InitializeComponent">
<summary>
InitializeComponent
</summary>
</member>
<member name="T:SkyEditor.UI.WPF.ObjectControls.WelcomeTabContent">
<summary>
WelcomeTabContent
</summary>
</member>
<member name="M:SkyEditor.UI.WPF.ObjectControls.WelcomeTabContent.InitializeComponent">
<summary>
InitializeComponent
</summary>
</member>
<member name="T:SkyEditor.UI.WPF.ObjectWindow">
<summary>
ObjectWindow
</summary>
</member>
<member name="M:SkyEditor.UI.WPF.ObjectWindow.#ctor">
 <summary>
 This sub New is for the designer only
 </summary>
</member>
<member name="M:SkyEditor.UI.WPF.ObjectWindow.InitializeComponent">
<summary>
InitializeComponent
</summary>
</member>
<member name="E:SkyEditor.UI.WPF.ObjectControlPlaceholder.Modified">
 <summary>
 Raised when the contained object raises its Modified event, if it implements iModifiable
 </summary>
 <param name="sender"></param>
 <param name="e"></param>
</member>
<member name="P:SkyEditor.UI.WPF.ObjectControlPlaceholder.EnableTabs">
 <summary>
 Whether or not to enable tabs.
 When true, multiple object controls will be used
 </summary>
 <returns></returns>
</member>
<member name="P:SkyEditor.UI.WPF.ObjectControlPlaceholder.ObjectToEdit">
 <summary>
 Gets or sets the underlying view model
 </summary>
 <returns></returns>
</member>
<member name="P:SkyEditor.UI.WPF.SearchableDropDown.LastSafeValue">
 <summary>
 Gets the current value.  If the current text is not a valid item, returns the previous valid item.
 </summary>
 <value></value>
 <returns></returns>
 <remarks></remarks>
</member>
<member name="T:SkyEditor.UI.WPF.TargetedContextMenu">
<summary>
TargetedContextMenu
</summary>
</member>
<member name="M:SkyEditor.UI.WPF.TargetedContextMenu.InitializeComponent">
<summary>
InitializeComponent
</summary>
</member>
<member name="T:SkyEditor.UI.WPF.TextFileView">
<summary>
TextFileView
</summary>
</member>
<member name="M:SkyEditor.UI.WPF.TextFileView.InitializeComponent">
<summary>
InitializeComponent
</summary>
</member>
<member name="M:SkyEditor.UI.WPF.WPFCoreSkyEditorPlugin.#ctor">
 <summary>
 Creates a new instance of <see cref="T:SkyEditor.UI.WPF.WPFCoreSkyEditorPlugin"/>
 </summary>
</member>
<member name="M:SkyEditor.UI.WPF.WPFCoreSkyEditorPlugin.#ctor(SkyEditor.Core.SkyEditorPlugin)">
 <summary>
 Creates a new instance of <see cref="T:SkyEditor.UI.WPF.WPFCoreSkyEditorPlugin"/> that directly loads the given plugin
 </summary>
 <param name="plugin">Plugin to load</param>
</member>
<member name="M:SkyEditor.UI.WPF.WpfUiHelper.GenerateObjectTabs(System.Collections.Generic.IEnumerable{SkyEditor.Core.UI.IViewControl})">
 <summary>
 Generates ObjectTabs using the given ObjectControls
 </summary>
 <param name="ObjectControls"></param>
 <returns></returns>
</member>
<member name="M:SkyEditor.UI.WPF.WpfUiHelper.UpdateMenuItemVisibility(System.Collections.Generic.IEnumerable{System.Object},System.Windows.Controls.Menu)">
 <summary>
 Recursively pdates the visibility of the MenuItems based on the currently selected Types.
 </summary>
 <param name="SelectedObjects">IEnumerable of the currently seleted objects.  Used to determine visibility.</param>
 <param name="MainMenu">Menu containing menu items of which to update the visibility.</param>
</member>
<member name="M:SkyEditor.UI.WPF.WpfUiHelper.UpdateMenuItemVisibility(System.Collections.Generic.IEnumerable{System.Object},System.Collections.Generic.IEnumerable{System.Windows.Controls.MenuItem})">
 <summary>
 Recursively pdates the visibility of the MenuItems based on the currently selected Types.
 </summary>
 <param name="SelectedObjects">IEnumerable of the currently seleted objects.  Used to determine visibility.</param>
 <param name="Parents">MenuItems of which to recursively update the visibility.</param>
</member>
<member name="M:SkyEditor.UI.WPF.WpfUiHelper.UpdateMenuItemVisibility(System.Collections.Generic.IEnumerable{System.Object},System.Windows.Controls.MenuItem)">
 <summary>
 Recursively pdates the visibility of the MenuItems based on the currently selected Types.
 </summary>
 <param name="SelectedObjects">IEnumerable of the currently seleted objects.  Used to determine visibility.</param>
 <param name="Parent">Root menu item of which to recursively update the visibility.</param>
</member>
<member name="M:SkyEditor.UI.WPF.WpfUiHelper.MenuItemHasVisibleChildren(System.Windows.Controls.MenuItem)">
 <summary>
 Determines whether or not the given menu item has visible children.
 </summary>
 <param name="Item"></param>
</member>
</members>
</doc>
