﻿<?xml version="1.0"?>
<doc>
<assembly>
<name>
SkyEditor.Core.Windows
</name>
</assembly>
<members>
<member name="T:SkyEditor.Core.My.Resources.SettingNames">
<summary>
  A strongly-typed resource class, for looking up localized strings, etc.
</summary>
</member>
<member name="P:SkyEditor.Core.My.Resources.SettingNames.ResourceManager">
<summary>
  Returns the cached ResourceManager instance used by this class.
</summary>
</member>
<member name="P:SkyEditor.Core.My.Resources.SettingNames.Culture">
<summary>
  Overrides the current thread's CurrentUICulture property for all
  resource lookups using this strongly typed resource class.
</summary>
</member>
<member name="P:SkyEditor.Core.My.Resources.SettingNames.OnlineExtensionCollections">
<summary>
  Looks up a localized string similar to SkyEditor.Core.Windows.Settings.OnlineExtensionCollections.
</summary>
</member>
<member name="T:SkyEditor.Core.My.Resources.Language">
<summary>
  A strongly-typed resource class, for looking up localized strings, etc.
</summary>
</member>
<member name="P:SkyEditor.Core.My.Resources.Language.ResourceManager">
<summary>
  Returns the cached ResourceManager instance used by this class.
</summary>
</member>
<member name="P:SkyEditor.Core.My.Resources.Language.Culture">
<summary>
  Overrides the current thread's CurrentUICulture property for all
  resource lookups using this strongly typed resource class.
</summary>
</member>
<member name="P:SkyEditor.Core.My.Resources.Language.ConsoleCoreAuthor">
<summary>
  Looks up a localized string similar to .
</summary>
</member>
<member name="P:SkyEditor.Core.My.Resources.Language.ConsoleCoreCredits">
<summary>
  Looks up a localized string similar to .
</summary>
</member>
<member name="P:SkyEditor.Core.My.Resources.Language.ConsoleCorePluginName">
<summary>
  Looks up a localized string similar to Sky Editor Core - Console.
</summary>
</member>
<member name="P:SkyEditor.Core.My.Resources.Language.SkyEditorSolution">
<summary>
  Looks up a localized string similar to Sky Editor Solution.
</summary>
</member>
<member name="T:SkyEditor.Core.My.Resources.Resources">
<summary>
  A strongly-typed resource class, for looking up localized strings, etc.
</summary>
</member>
<member name="P:SkyEditor.Core.My.Resources.Resources.ResourceManager">
<summary>
  Returns the cached ResourceManager instance used by this class.
</summary>
</member>
<member name="P:SkyEditor.Core.My.Resources.Resources.Culture">
<summary>
  Overrides the current thread's CurrentUICulture property for all
  resource lookups using this strongly typed resource class.
</summary>
</member>
<member name="M:SkyEditor.Core.Utilities.RedistributionHelpers.PrepareForDistribution(SkyEditor.Core.PluginManager)">
 <summary>
 Runs the PrepareForDistribution method in all plugins, deleting any files that aren't distribution safe.
 </summary>
 <param name="Manager"></param>
</member>
<member name="M:SkyEditor.Core.Utilities.RedistributionHelpers.PackPlugins(System.Collections.Generic.IEnumerable{SkyEditor.Core.SkyEditorPlugin},System.String,SkyEditor.Core.Extensions.ExtensionInfo,SkyEditor.Core.PluginManager)">
 <summary>
 Packs the given plugin into a zip file.
 </summary>
 <param name="Plugins">Definitions of the plugins to pack.</param>
 <param name="DestinationFilename">File path of the zip to create.</param>
 <returns></returns>
</member>
<member name="M:SkyEditor.Core.Utilities.RedistributionHelpers.RequestRestartProgram">
 <summary>
 Restarts the application.
 </summary>
</member>
<member name="M:SkyEditor.Core.Utilities.WindowsReflectionHelpers.GetAssemblyDependencies(System.Reflection.Assembly)">
 <summary>
 Gets the full paths of all of the referenced assemblies of the <paramref name="sourceAssembly"/>.
 </summary>
 <param name="sourceAssembly">Assembly of which to get the dependencies.</param>
 <returns>A list containing all of the file paths of all dependency assemblies, both direct and indirect.</returns>
 <remarks>Only returns assemblies in the same directory as the <paramref name="sourceAssembly"/>.

 A side effect that may cause issues is that any referenced assembly that is not in the current app domain will be loaded.</remarks>
</member>
<member name="M:SkyEditor.Core.Utilities.WindowsReflectionHelpers.LoadAssembly(System.String)">
 <summary>
 Loads the assembly at the given path, if there's not another version in the AppDomain
 </summary>
 <param name="assemblyPath">Path of the assembly to load</param>
 <returns>The assembly at the given path, or another assembly with the same full name.</returns>
 <remarks>If the target assembly is a different version of an already loaded assembly, one that's already loaded will be returned instead.</remarks>
</member>
<member name="M:SkyEditor.Core.Internal.ConsoleManager.Show">
 <summary>
 Creates a new console instance if the process is not attached to a console already.
 </summary>
</member>
<member name="M:SkyEditor.Core.Internal.ConsoleManager.Hide">
 <summary>
 If the process has a console attached to it, it will be detached and no longer visible. Writing to the System.Console is still possible, but no output will be shown.
 </summary>
</member>
<member name="M:SkyEditor.Core.Processes.ConsoleApp.RunProgramInBackground(System.String,System.String)">
 <summary>
 Runs the specified program without waiting for it to complete.
 </summary>
 <param name="Filename">Filename of the executable to run.</param>
 <param name="Arguments">Arguments to pass to the process.</param>
 <returns>The ConsoleApp that was started.</returns>
 <remarks></remarks>
</member>
<member name="M:SkyEditor.Core.Processes.ConsoleApp.WaitForProcess(System.Diagnostics.Process)">
 <summary>
 Waits for the given process to exit.
 </summary>
 <param name="p">The process for which to wait.</param>
 <returns></returns>
</member>
<member name="E:SkyEditor.Core.Processes.ConsoleApp.ErrorDataReceived">
 <summary>
 Raised when the process writes data to the error output.
 </summary>
 <param name="sender"></param>
 <param name="e"></param>
</member>
<member name="E:SkyEditor.Core.Processes.ConsoleApp.InputDataSent">
 <summary>
 Raised when data is written to the standard input.
 </summary>
 <param name="sender"></param>
 <param name="e"></param>
</member>
<member name="E:SkyEditor.Core.Processes.ConsoleApp.StatusChanged">
 <summary>
 Raised when the status of the process is changed.
 </summary>
 <param name="sender"></param>
 <param name="e"></param>
</member>
<member name="P:SkyEditor.Core.Processes.ConsoleApp.Filename">
 <summary>
 Path of the process's file.
 </summary>
 <returns></returns>
</member>
<member name="P:SkyEditor.Core.Processes.ConsoleApp.Arguments">
 <summary>
 Start arguments for the process.
 </summary>
 <returns></returns>
</member>
<member name="P:SkyEditor.Core.Processes.ConsoleApp.Status">
 <summary>
 Status of the process.
 </summary>
 <returns></returns>
</member>
<member name="M:SkyEditor.Core.Processes.ConsoleApp.LogInConsole(System.String)">
 <summary>
 Adds the given text to the console log.
 </summary>
 <param name="Line"></param>
</member>
<member name="M:SkyEditor.Core.EnvironmentPaths.GetExtensionDirectory">
 <summary>
 Gets the directory used to store extensions.
 </summary>
 <returns></returns>
</member>
<member name="M:SkyEditor.Core.EnvironmentPaths.GetResourceName(System.String)">
 <summary>
 Combines the given path with your plugin's resource directory.
 </summary>
 <param name="Path"></param>
 <returns></returns>
 <remarks></remarks>
</member>
<member name="M:SkyEditor.Core.EnvironmentPaths.GetResourceDirectory">
 <summary>
 Returns your plugin's resource directory as managed by Sky Editor.
 It will be created if it does not exist.
 </summary>
 <returns></returns>
 <remarks></remarks>
</member>
<member name="M:SkyEditor.Core.EnvironmentPaths.GetResourceDirectory(System.String,System.Boolean)">
 <summary>
 Gets the resource directory for the plugin with the given assembly name.
 </summary>
 <param name="AssemblyName"></param>
 <param name="ThrowIfCantCreateDirectory"></param>
 <returns></returns>
</member>
<member name="M:SkyEditor.Core.EnvironmentPaths.GetRootResourceDirectory(System.Boolean)">
 <summary>
 Returns a the path of the root resource directory and creates it if it doesn't exist.
 </summary>
 <returns></returns>
</member>
<member name="M:SkyEditor.Core.EnvironmentPaths.GetSettingsFilename">
 <summary>
 Gets the full path for the application's settings file.
 </summary>
 <returns></returns>
</member>
</members>
</doc>
