﻿<?xml version="1.0"?>
<doc>
<assembly>
<name>
SkyEditor.SaveEditor
</name>
</assembly>
<members>
<member name="T:SkyEditor.SaveEditor.My.Resources.Language">
<summary>
  A strongly-typed resource class, for looking up localized strings, etc.
</summary>
</member>
<member name="P:SkyEditor.SaveEditor.My.Resources.Language.ResourceManager">
<summary>
  Returns the cached ResourceManager instance used by this class.
</summary>
</member>
<member name="P:SkyEditor.SaveEditor.My.Resources.Language.Culture">
<summary>
  Overrides the current thread's CurrentUICulture property for all
  resource lookups using this strongly typed resource class.
</summary>
</member>
<member name="P:SkyEditor.SaveEditor.My.Resources.Language.BlankPokemon">
<summary>
  Looks up a localized string similar to ----------.
</summary>
</member>
<member name="P:SkyEditor.SaveEditor.My.Resources.Language.DeSmuMeSaveFile">
<summary>
  Looks up a localized string similar to DeSmuMe Save File.
</summary>
</member>
<member name="P:SkyEditor.SaveEditor.My.Resources.Language.GameDataFile">
<summary>
  Looks up a localized string similar to Mystery Dungeon game_data Files.
</summary>
</member>
<member name="P:SkyEditor.SaveEditor.My.Resources.Language.ItemToStringHeldBy">
<summary>
  Looks up a localized string similar to Held by.
</summary>
</member>
<member name="P:SkyEditor.SaveEditor.My.Resources.Language.PluginAuthor">
<summary>
  Looks up a localized string similar to evandixon.
</summary>
</member>
<member name="P:SkyEditor.SaveEditor.My.Resources.Language.PluginCredits">
<summary>
  Looks up a localized string similar to Sky Editor&apos;s save editor for Pokémon Mystery Dungeon was made possible with help from the following researchers:

evandixon - General Research
matix2267 - Pokemon Structure, code for interacting with bits
Grovyle91 - Item Structure, IDs of Pokemon/Items/etc
Prof. 9 - Team Name character encoding
Demonic722 - Misc RAM and save addresses.
</summary>
</member>
<member name="P:SkyEditor.SaveEditor.My.Resources.Language.PluginName">
<summary>
  Looks up a localized string similar to Pokémon Mystery Dungeon Save Editor Core.
</summary>
</member>
<member name="P:SkyEditor.SaveEditor.My.Resources.Language.RawSaveFile">
<summary>
  Looks up a localized string similar to Raw Save File.
</summary>
</member>
<member name="P:SkyEditor.SaveEditor.My.Resources.Language.RB_Toolbox">
<summary>
  Looks up a localized string similar to Toolbox.
</summary>
</member>
<member name="P:SkyEditor.SaveEditor.My.Resources.Language.RBPkmFile">
<summary>
  Looks up a localized string similar to Red and Blue Rescue Team Stored Pokemon.
</summary>
</member>
<member name="P:SkyEditor.SaveEditor.My.Resources.Language.SkyPkmExFile">
<summary>
  Looks up a localized string similar to Explorers of Sky Active Pokemon.
</summary>
</member>
<member name="P:SkyEditor.SaveEditor.My.Resources.Language.SkyPkmFile">
<summary>
  Looks up a localized string similar to Explorers of Sky Stored Pokemon.
</summary>
</member>
<member name="P:SkyEditor.SaveEditor.My.Resources.Language.SkyPkmQFile">
<summary>
  Looks up a localized string similar to Explorers of Sky Quicksave Pokemon.
</summary>
</member>
<member name="P:SkyEditor.SaveEditor.My.Resources.Language.SkyStoredPokemonToString">
<summary>
  Looks up a localized string similar to {0} (Lvl. {1} {2}).
</summary>
</member>
<member name="P:SkyEditor.SaveEditor.My.Resources.Language.TDPkmExFile">
<summary>
  Looks up a localized string similar to Explorers of Time and Darkness Active Pokemon.
</summary>
</member>
<member name="P:SkyEditor.SaveEditor.My.Resources.Language.TDPkmFile">
<summary>
  Looks up a localized string similar to Explorers of Time and Darkness Stored Pokemon.
</summary>
</member>
<member name="T:SkyEditor.SaveEditor.My.Resources.ListResources">
<summary>
  A strongly-typed resource class, for looking up localized strings, etc.
</summary>
</member>
<member name="P:SkyEditor.SaveEditor.My.Resources.ListResources.ResourceManager">
<summary>
  Returns the cached ResourceManager instance used by this class.
</summary>
</member>
<member name="P:SkyEditor.SaveEditor.My.Resources.ListResources.Culture">
<summary>
  Overrides the current thread's CurrentUICulture property for all
  resource lookups using this strongly typed resource class.
</summary>
</member>
<member name="P:SkyEditor.SaveEditor.My.Resources.ListResources.RBBaseTypes">
<summary>
  Looks up a localized string similar to 0=Pikachu
1=Meowth
2=Eevee
3=Skitty
4=Squirtle
5=Totodile
6=Mudkip
7=Psyduck
8=Charmander
9=Torchic
10=Cyndaquil
11=Cubone
12=Machop
13=Bulbasaur
14=Chikorita
15=Treeko.
</summary>
</member>
<member name="P:SkyEditor.SaveEditor.My.Resources.ListResources.RBFriendAreaOffsets">
<summary>
  Looks up a localized string similar to Bountiful Sea: 9
Treasure Sea: 10
Serene Sea: 4
Deep-Sea Floor: 12
Deep Sea Current: 1
Seafloor Cave: 1
Shallow Beach: 5
Mt. Deepgreen: 12
Mt. Cleft: 9
Mt. Moon View: 6
Rainbow Peak: 1
Wild Plains: 13
Beau Plains: 12
Sky Blue Plains: 13
Safari: 15
Scorched Plains: 10
Sacred Field: 3
Mist-Rise Forest: 14
Flyaway Forest: 12
Overgrown Forest: 9
Energetic Forest: 15
Mushroom Forest: 7
Healing Forst: 1
Transform Forest: 6
Secretive Forest: 9
Rub-a-dub River: 7
Tadpole Pond: 9
Turtleshe [rest of string was truncated]&quot;;.
</summary>
</member>
<member name="P:SkyEditor.SaveEditor.My.Resources.ListResources.RBItemOrder">
<summary>
  Looks up a localized string similar to Beauty Scarf
Def. Scarf
Dodge Scarf
Mobile Scarf
Pass Scarf
Pecha Scarf
Sneak Scarf
Trap Scarf
Warp Scarf
Bounce Scarf
Diet Ribbon
Friend Bow
Gold Ribbon
Heal Ribbon
Joy Ribbon
Lunar Ribbon
Plain Ribbon
Special Band
Stamina Band
Sun Ribbon
Curve Band
Pierce Band
Power Band
Weather Band
Zinc Band
Detect Band
Munch Belt
Patsy Band
Persim Band
Racket Band
Tight Belt
Twist Band
No-Stick Cap
Ring D
Ring E
Ring F
Insomniscope
No-Aim Scope
Alert Specs
Goggle Specs
Lockon Spe [rest of string was truncated]&quot;;.
</summary>
</member>
<member name="P:SkyEditor.SaveEditor.My.Resources.ListResources.RBItems">
<summary>
  Looks up a localized string similar to 0=Nothing
1=Stick
2=Iron Thorn
3=Silver Spike
4=Gold Fang
5=Cacnea Spike
6=Corsola Twig
7=Gravelerock
8=Geo Pebble
9=Mobile Scarf
10=Heal Ribbon
11=Twist Band
12=Scope Lens
13=Patsy Band
14=No-Stick Cap
15=Pierce Band
16=Joy Ribbon
17=X-Ray Specs
18=Persim Band
19=Power Band
20=Pecha Scarf
21=Insomniscope
22=Warp Scarf
23=Tight Belt
24=Sneak Scarf
25=Gold Ribbon
26=Goggle Specs
27=Diet Ribbon
28=Trap Scarf
29=Racket Band
30=Def. Scarf
31=Stamina Band
32=Plain Ribbon
33=Speci [rest of string was truncated]&quot;;.
</summary>
</member>
<member name="P:SkyEditor.SaveEditor.My.Resources.ListResources.RBLocations">
<summary>
  Looks up a localized string similar to 0=Tiny Woods
1=Thunderwave Cave
2=Mt. Steel 
3=Sinister Woods 
4=Silent Chasm
5=Mt. Thunder 
6=Mt. Thunder Peak 
7=Great Canyon 
8=Lapis Cave
9=Mt. Blaze 
10=Mt. Blaze Peak 
11=Frosty Forest 
12=Frosty Grotto 
13=Mt. Freeze 
14=Mt. Freeze Peak 
15=Magma Cavern
16=Magma Cavern Pit
17=Sky Tower 
18=Sky Tower Summit 
19=Stormy Sea
20=Silver Trench
21=Meteor Cave
22=Mt. Freeze Peak 
23=Western Cave
24=Boss 3
25=Boss 4
26=Wish Cave
27=Buried Relic
28=Pitfall Valley
29=Northern Range  [rest of string was truncated]&quot;;.
</summary>
</member>
<member name="P:SkyEditor.SaveEditor.My.Resources.ListResources.RBMoves">
<summary>
  Looks up a localized string similar to 0=(Nothing)
1=Iron Tail
2=Ice Ball
3=Yawn
4=Lovely Kiss
5=Nightmare
6=Morning Sun
7=Vital Throw
8=Dig
9=Thrash
10=Sweet Scent
11=Charm
12=Rain Dance
13=Confuse Ray
14=Hail
15=Aromatherapy
16=Bubble
17=Encore
18=Cut
19=Rage
20=Super Fang
21=Pain Split
22=Torment
23=String Shot
24=Swagger
25=Snore
26=Heal Bell
27=Screech
28=Rock Throw
29=Rock Smash
30=Rock Slide
31=Weather Ball
32=Whirlpool
33=Fake Tears
34=Sing
35=Spite
36=Air Cutter
37=Smokescreen
38=Pursuit
39=Doubles [rest of string was truncated]&quot;;.
</summary>
</member>
<member name="P:SkyEditor.SaveEditor.My.Resources.ListResources.RBPokemon">
<summary>
  Looks up a localized string similar to 0=??????????
1=Bulbasaur
2=Ivysaur
3=Venusaur
4=Charmander
5=Charmeleon
6=Charizard
7=Squirtle
8=Wartortle
9=Blastoise
10=Caterpie
11=Metapod
12=Butterfree
13=Weedle
14=Kakuna
15=Beedrill
16=Pidgey
17=Pidgeotto
18=Pidgeot
19=Rattata
20=Raticate
21=Spearow
22=Fearow
23=Ekans
24=Arbok
25=Pikachu
26=Raichu
27=Sandshrew
28=Sandslash
29=Nidoran♀
30=Nidorina
31=Nidoqueen
32=Nidoran♂
33=Nidorino
34=Nidoking
35=Clefairy
36=Clefable
37=Vulpix
38=Ninetales
39=Jigglypuff
40=Wigg [rest of string was truncated]&quot;;.
</summary>
</member>
<member name="P:SkyEditor.SaveEditor.My.Resources.ListResources.SkyFriendAreaOffsets">
<summary>
  Looks up a localized string similar to Player and Partner:2
Special Episode:3
Others:715.
</summary>
</member>
<member name="P:SkyEditor.SaveEditor.My.Resources.ListResources.SkyItems">
<summary>
  Looks up a localized string similar to 0=Nothing
1=Stick
2=Iron Thorn
3=Silver Spike
4=Gold Fang
5=Cacnea Spike
6=Corsola Twig
7=Gravelerock
8=Geo Pebble
9=Gold Thorn
10=Rare Fossil
11=$$$
12=$$$
13=No-Slip Cap
14=Y-Ray Specs
15=Gaggle Specs
16=Mobile Scarf
17=Heal Ribbon
18=Twist Band
19=Scope Lens
20=Patsy Band
21=No-Stick Cap
22=Pierce Band
23=Joy Ribbon
24=X-Ray Specs
25=Persim Band
26=Power Band
27=Pecha Scarf
28=Insomniscope
29=Warp Scarf
30=Tight Belt
31=Sneak Scarf
32=Gold Ribbon
33=Goggle Specs
34=Diet  [rest of string was truncated]&quot;;.
</summary>
</member>
<member name="P:SkyEditor.SaveEditor.My.Resources.ListResources.SkyLocations">
<summary>
  Looks up a localized string similar to 0=Test Dungeon
1=Beach Cave
2=Beach Cave Pit
3=Drenched Bluff
4=Mt. Bristle
5=Mt. Bristle Peak
6=Waterfall Cave
7=Apple Woods
8=Craggy Coast
9=Side Path
10=Mt. Horn
11=Rock Path
12=Foggy Forest
13=Forest Path
14=Steam Cave
15=Upper Steam Cave
16=Steam Cave Peak
17=Amp Plains
18=Far Amp Plains
19=Amp Clearing
20=Northern Desert
21=Quicksand Cave
22=Quicksand Pit
23=Underground Lake
24=Crystal Cave
25=Crystal Crossing
26=Shining Lake
27=Chasm Cave
28=Dark Hill
29=Sealed Ruin
30=D [rest of string was truncated]&quot;;.
</summary>
</member>
<member name="P:SkyEditor.SaveEditor.My.Resources.ListResources.SkyMoves">
<summary>
  Looks up a localized string similar to 0=Nothing
1=Iron Tail
2=Ice Ball
3=Yawn
4=Lovely Kiss
5=Nightmare
6=Morning Sun
7=Vital Throw
8=Dig
9=Thrash
10=Sweet Scent
11=Charm
12=Rain Dance
13=Confuse Ray
14=Hail
15=Aromatherapy
16=Bubble
17=Encore
18=Cut
19=Rage
20=Super Fang
21=Pain Split
22=Torment
23=String Shot
24=Swagger
25=Snore
26=Heal Bell
27=Screech
28=Rock Throw
29=Rock Smash
30=Rock Slide
31=Weather Ball
32=Whirlpool
33=Fake Tears
34=Sing
35=Spite
36=Air Cutter
37=SmokeScreen
38=Pursuit
39=DoubleSla [rest of string was truncated]&quot;;.
</summary>
</member>
<member name="P:SkyEditor.SaveEditor.My.Resources.ListResources.SkyPokemon">
<summary>
  Looks up a localized string similar to 0=??????????
1=Bulbasaur
2=Ivysaur
3=Venusaur
4=Charmander
5=Charmeleon
6=Charizard
7=Squirtle
8=Wartortle
9=Blastoise
10=Caterpie
11=Metapod
12=Butterfree
13=Weedle
14=Kakuna
15=Beedrill
16=Pidgey
17=Pidgeotto
18=Pidgeot
19=Rattata
20=Raticate
21=Spearow
22=Fearow
23=Ekans
24=Arbok
25=Pikachu
26=Raichu
27=Sandshrew
28=Sandslash
29=Nidoran♀
30=Nidorina
31=Nidoqueen
32=Nidoran♂
33=Nidorino
34=Nidoking
35=Clefairy
36=Clefable
37=Vulpix
38=Ninetales
39=Jigglypuff
40=Wigg [rest of string was truncated]&quot;;.
</summary>
</member>
<member name="P:SkyEditor.SaveEditor.My.Resources.ListResources.TDFriendAreaOffsets">
<summary>
  Looks up a localized string similar to Player and Partner: 2
Others:548.
</summary>
</member>
<member name="P:SkyEditor.SaveEditor.My.Resources.ListResources.TDItems">
<summary>
  Looks up a localized string similar to 0=Nothing
1=Stick
2=Iron Thorn
3=Silver Spike
4=Gold Fang
5=Cacnea Spike
6=Corsola Twig
7=Gravelerock
8=Geo Pebble
9=Gold Thorn
10=Rare Fossil
11=$$$
12=$$$
13=No-Slip Cap
14=Y-Ray Specs
15=Gaggle Specs
16=Mobile Scarf
17=Heal Ribbon
18=Twist Band
19=Scope Lens
20=Patsy Band
21=No-Stick Cap
22=Pierce Band
23=Joy Ribbon
24=X-Ray Specs
25=Persim Band
26=Power Band
27=Pecha Scarf
28=Insomniscope
29=Warp Scarf
30=Tight Belt
31=Sneak Scarf
32=Gold Ribbon
33=Goggle Specs
34=Diet  [rest of string was truncated]&quot;;.
</summary>
</member>
<member name="P:SkyEditor.SaveEditor.My.Resources.ListResources.TDLocations">
<summary>
  Looks up a localized string similar to 0=Test Dungeon
1=Beach Cave
2=Beach Cave Pit
3=Drenched Bluff
4=Mt. Bristle
5=Mt. Bristle Peak
6=Waterfall Cave
7=Apple Woods
8=Craggy Coast
9=Side Path
10=Mt. Horn
11=Rock Path
12=Foggy Forest
13=Forest Path
14=Steam Cave
15=Upper Steam Cave
16=Steam Cave Peak
17=Amp Plains
18=Far Amp Plains
19=Amp Clearing
20=Northern Desert
21=Quicksand Cave
22=Quicksand Pit
23=Underground Lake
24=Crystal Cave
25=Crystal Crossing
26=Crystal Lake
27=Chasm Cave
28=Dark Hill
29=Sealed Ruin
30=D [rest of string was truncated]&quot;;.
</summary>
</member>
<member name="T:SkyEditor.SaveEditor.BasicDictionaryIniFile">
 <summary>
 Models a basic file that stores Key/Value pairs.
 </summary>
</member>
<member name="M:SkyEditor.SaveEditor.Binary.#ctor(System.Int32)">
 <summary>
 Creates a new instance of <see cref="T:SkyEditor.SaveEditor.Binary"/>.
 </summary>
 <param name="length">Number of bits with which to initialize the <see cref="T:SkyEditor.SaveEditor.Binary"/>.</param>
</member>
<member name="M:SkyEditor.SaveEditor.Binary.GetShort(System.Int32)">
 <summary>
 Gets a <see cref="T:System.Int16"/> located at the given bit offset.
 </summary>
 <param name="bitIndex">Offset in bits relative to the start of the <see cref="T:SkyEditor.SaveEditor.Binary"/> where the <see cref="T:System.Int16"/> is located.</param>
 <returns>The <see cref="T:System.Int16"/> located at <paramref name="bitIndex"/></returns>
</member>
<member name="M:SkyEditor.SaveEditor.Binary.SetShort(System.Int32,System.Int16)">
 <summary>
 Sets <see cref="T:System.Int16"/> located at the given bit offset to the given value.
 </summary>
 <param name="bitIndex">Offset in bits relative to the start of the <see cref="T:SkyEditor.SaveEditor.Binary"/> where the <see cref="T:System.Int16"/> is located.</param>
 <param name="value">The value to write to the target location.</param>
</member>
<member name="M:SkyEditor.SaveEditor.Binary.GetBigEndianStringRepresentation">
 <summary>
 Gets a representation of the binary
 </summary>
 <returns>A string representing the binary.</returns>
 <remarks>Example: A 5-Bit <see cref="T:SkyEditor.SaveEditor.Binary"/> representing the number 8 will return "1000"</remarks>
</member>
<member name="P:SkyEditor.SaveEditor.BinaryFile.Name">
 <summary>
 Name of the file.
 </summary>
 <returns></returns>
</member>
<member name="T:SkyEditor.SaveEditor.IClonable">
 <summary>
 Represents an object that can create a new but equal instance of itself
 </summary>
</member>
<member name="P:SkyEditor.SaveEditor.MysteryDungeon.Explorers.IExplorersActivePokemon.RosterNumber">
 <summary>
 The index of the Pokemon in storage as stored in the save file.
 </summary>
 <returns></returns>
</member>
<member name="P:SkyEditor.SaveEditor.MysteryDungeon.Explorers.TDActivePokemon.RosterNumber">
 <summary>
 The index of the Pokemon in storage as stored in the save file.
 </summary>
 <returns></returns>
</member>
<member name="P:SkyEditor.SaveEditor.MysteryDungeon.Explorers.IExplorersItem.ContainedItemID">
 <summary>
 The ID of the item inside this one, if this item is a box.
 </summary>
 <returns></returns>
</member>
<member name="P:SkyEditor.SaveEditor.MysteryDungeon.Explorers.SkyActivePokemon.RosterNumber">
 <summary>
 The index of the Pokemon in storage as stored in the save file.
 </summary>
 <returns></returns>
</member>
<member name="P:SkyEditor.SaveEditor.MysteryDungeon.Explorers.SkyHeldItem.ContainedItemID">
 <summary>
 The ID of the item inside this one, if this item is a box.
 </summary>
 <returns></returns>
</member>
<member name="P:SkyEditor.SaveEditor.MysteryDungeon.Explorers.SkyQuicksavePokemon.RosterNumber">
 <summary>
 The index of the Pokemon in storage as stored in the save file.
 </summary>
 <returns></returns>
</member>
<member name="P:SkyEditor.SaveEditor.MysteryDungeon.Explorers.SkyStoredItem.ContainedItemID">
 <summary>
 The ID of the item inside this one, if this item is a box.
 </summary>
 <returns></returns>
</member>
<member name="P:SkyEditor.SaveEditor.MysteryDungeon.Explorers.TDHeldItem.ContainedItemID">
 <summary>
 The ID of the item inside this one, if this item is a box.
 </summary>
 <returns></returns>
</member>
<member name="M:SkyEditor.SaveEditor.MysteryDungeon.Explorers.SkySave.LoadGeneral">
 <summary>
 Loads the General properties from the raw data.
 </summary>
</member>
<member name="M:SkyEditor.SaveEditor.MysteryDungeon.Explorers.SkySave.SaveGeneral">
 <summary>
 Saves the General properties to the raw data.
 </summary>
</member>
<member name="P:SkyEditor.SaveEditor.MysteryDungeon.Explorers.SkySave.TeamName">
 <summary>
 Gets or sets the save file's Team Name.
 </summary>
 <returns>The save file's current Team Name.</returns>
</member>
<member name="P:SkyEditor.SaveEditor.MysteryDungeon.Explorers.SkySave.HeldMoney">
 <summary>
 Gets or sets the held money in the main game
 </summary>
 <returns>The amount of money held by the player in the main game.</returns>
</member>
<member name="P:SkyEditor.SaveEditor.MysteryDungeon.Explorers.SkySave.SpEpisodeHeldMoney">
 <summary>
 Gets or sets the held money in the active special episode
 </summary>
 <returns>The amount of money held by the player in the active special episode.</returns>
</member>
<member name="P:SkyEditor.SaveEditor.MysteryDungeon.Explorers.SkySave.StoredMoney">
 <summary>
 Gets or sets the money in storage
 </summary>
 <returns>The amount of money stored in the Duskull bank.</returns>
</member>
<member name="P:SkyEditor.SaveEditor.MysteryDungeon.Explorers.SkySave.Adventures">
 <summary>
 Gets or sets the number of adventures the team has had.
 </summary>
 <returns>The number of adventures as reported by the save file.</returns>
 <remarks>This is displayed as a signed integer in-game, so if this is set to a negative number, it will appear negative.</remarks>
</member>
<member name="P:SkyEditor.SaveEditor.MysteryDungeon.Explorers.SkySave.ExplorerRankPoints">
 <summary>
 Gets or sets the team's exploration rank points.
 When set in certain ranges, the rank changes (ex. Silver, Gold, Master, etc).
 </summary>
 <returns>The current number of explorer points.</returns>
 <remarks>While this number is not directly visible in-game, it controls the current Explorer Rank.
 Use this page as reference to know what values mean what:
 http://bulbapedia.bulbagarden.net/wiki/Rank_(Mystery_Dungeon)#Exploration_Ranks
 </remarks>
</member>
<member name="P:SkyEditor.SaveEditor.MysteryDungeon.Explorers.SkySave.ActivePokemon1RosterIndex">
 <summary>
 Index of the Stored Pokémon corresponding to the first party member of the main game.
 </summary>
 <returns>The index of the Stored Pokémon in <see cref="P:SkyEditor.SaveEditor.MysteryDungeon.Explorers.SkySave.StoredPokemon"/> corresponding to the first Active Pokémon, or -1 if there isn't a first Active Pokémon.</returns>
</member>
<member name="P:SkyEditor.SaveEditor.MysteryDungeon.Explorers.SkySave.ActivePokemon2RosterIndex">
 <summary>
 Index of the Stored Pokémon corresponding to the second party member of the main game.
 </summary>
 <returns>The index of the Stored Pokémon in <see cref="P:SkyEditor.SaveEditor.MysteryDungeon.Explorers.SkySave.StoredPokemon"/> corresponding to the second Active Pokémon, or -1 if there isn't a second Active Pokémon.</returns>
</member>
<member name="P:SkyEditor.SaveEditor.MysteryDungeon.Explorers.SkySave.ActivePokemon3RosterIndex">
 <summary>
 Index of the Stored Pokémon corresponding to the third party member of the main game.
 </summary>
 <returns>The index of the Stored Pokémon in <see cref="P:SkyEditor.SaveEditor.MysteryDungeon.Explorers.SkySave.StoredPokemon"/> corresponding to the third Active Pokémon, or -1 if there isn't a third Active Pokémon.</returns>
</member>
<member name="P:SkyEditor.SaveEditor.MysteryDungeon.Explorers.SkySave.ActivePokemon4RosterIndex">
 <summary>
 Index of the Stored Pokémon corresponding to the fourth party member of the main game.
 </summary>
 <returns>The index of the Stored Pokémon in <see cref="P:SkyEditor.SaveEditor.MysteryDungeon.Explorers.SkySave.StoredPokemon"/> corresponding to the fourth Active Pokémon, or -1 if there isn't a fourth Active Pokémon.</returns>
</member>
<member name="P:SkyEditor.SaveEditor.MysteryDungeon.Explorers.SkySave.OriginalPlayerID">
 <summary>
 Gets or sets the original player Pokemon.
 Used in-game for special episodes.
 </summary>
 <returns></returns>
</member>
<member name="P:SkyEditor.SaveEditor.MysteryDungeon.Explorers.SkySave.OriginalPlayerIsFemale">
 <summary>
 Gets or sets the original player gender.
 Used in-game for special episodes.
 </summary>
 <returns></returns>
</member>
<member name="P:SkyEditor.SaveEditor.MysteryDungeon.Explorers.SkySave.OriginalPartnerID">
 <summary>
 Gets or sets the original partner Pokemon.
 Used in-game for special episodes.
 </summary>
 <returns></returns>
</member>
<member name="P:SkyEditor.SaveEditor.MysteryDungeon.Explorers.SkySave.OriginalPartnerIsFemale">
 <summary>
 Gets or sets the original partner gender.
 Used in-game for special episodes.
 </summary>
 <returns></returns>
</member>
<member name="P:SkyEditor.SaveEditor.MysteryDungeon.Explorers.SkySave.OriginalPlayerName">
 <summary>
 Gets or sets the original player name.
 Used in-game for special episodes.
 </summary>
 <returns></returns>
</member>
<member name="P:SkyEditor.SaveEditor.MysteryDungeon.Explorers.SkySave.OriginalPartnerName">
 <summary>
 Gets or sets the original partner name.
 Used in-game for special episodes.
 </summary>
 <returns></returns>
</member>
<member name="P:SkyEditor.SaveEditor.MysteryDungeon.Explorers.SkySave.WindowFrameType">
 <summary>
 Gets or sets the type of window frame used in the game.  Must be 1-5.
 </summary>
 <value></value>
 <returns></returns>
 <remarks></remarks>
</member>
<member name="M:SkyEditor.SaveEditor.MysteryDungeon.Explorers.SkySave.FixChecksum">
 <summary>
 Fixes the save file's checksum to reflect any changes made
 </summary>
</member>
<member name="M:SkyEditor.SaveEditor.MysteryDungeon.Explorers.SkySave.CopyToBackup">
 <summary>
 Copies the primary save to the backup save.
 </summary>
</member>
<member name="M:SkyEditor.SaveEditor.MysteryDungeon.Explorers.SkySave.IsFileOfType(SkyEditor.Core.IO.GenericFile)">
 <summary>
 Determines whether or not the given file is a SkySave.
 </summary>
 <param name="File">File to determine the type of.</param>
 <returns></returns>
</member>
<member name="P:SkyEditor.SaveEditor.MysteryDungeon.Explorers.TDSave.TeamName">
 <summary>
 Gets or sets the save file's Team Name.
 </summary>
 <value></value>
 <returns></returns>
 <remarks></remarks>
</member>
<member name="M:SkyEditor.SaveEditor.MysteryDungeon.IDConversion.ConvertEoSPokemonToRB(System.Int32,System.Boolean)">
 <summary>
 Converts a Pokémon ID from Explorers of Sky to Red/Blue Rescue Team.
 </summary>
 <param name="eosID">A Pokémon ID from Explorers of Sky.</param>
 <param name="throwOnUnsupported">Whether or not to throw an exception if the Pokémon from Explorers of Sky is not in Red/Blue Rescue Team.</param>
 <returns>An integer indicating the equivalent Red/Blue Rescue Team Pokémon, or -1 if the Pokémon is not in the game and <paramref name="throwOnUnsupported"/> is false.</returns>
</member>
<member name="P:SkyEditor.SaveEditor.MysteryDungeon.Rescue.RBHeldItem.Parameter">
 <remarks>For sticks and other stackable items, this is the number in the stack.  For used TMs, this is the contained move</remarks>
</member>
<member name="P:SkyEditor.SaveEditor.MysteryDungeon.Rescue.RBSave.TeamName">
 <summary>
 Gets or sets the save file's Team Name.
 </summary>
 <value></value>
 <returns></returns>
 <remarks></remarks>
</member>
<member name="M:SkyEditor.SaveEditor.MysteryDungeon.DSMysteryDungeonCharacterEncoding.GetByteCount(System.Char[],System.Int32,System.Int32)">
 <summary>
 Calculates the number of bytes produced by encoding the characters in the specified string.
 </summary>
 <param name="chars"></param>
 <param name="index"></param>
 <param name="count"></param>
 <returns></returns>
</member>
<member name="M:SkyEditor.SaveEditor.MysteryDungeon.DSMysteryDungeonCharacterEncoding.GetBytes(System.Char[],System.Int32,System.Int32,System.Byte[],System.Int32)">
 <summary>
 Encodes a set of characters from the specified character array into the specified byte array.
 </summary>
 <param name="chars">The character array containing the set of characters to encode.</param>
 <param name="charIndex">The index of the first character to encode.</param>
 <param name="charCount">The number of characters to encode.</param>
 <param name="bytes">The byte array to contain the resulting sequence of bytes.</param>
 <param name="byteIndex">The index at which to start writing the resulting sequence of bytes.</param>
 <returns>The actual number of bytes written into <paramref name="bytes"/>.</returns>
</member>
<member name="M:SkyEditor.SaveEditor.MysteryDungeon.DSMysteryDungeonCharacterEncoding.GetCharCount(System.Byte[],System.Int32,System.Int32)">
 <summary>
 Calculates the number of characters produced by decoding a sequence of bytes from the specified byte array.
 </summary>
 <param name="bytes">The byte array containing the sequence of bytes to decode.</param>
 <param name="index">The index of the first byte to decode.</param>
 <param name="count">The number of bytes to decode.</param>
 <returns></returns>
</member>
<member name="M:SkyEditor.SaveEditor.MysteryDungeon.DSMysteryDungeonCharacterEncoding.GetChars(System.Byte[],System.Int32,System.Int32,System.Char[],System.Int32)">
 <summary>
 Decodes a sequence of bytes from the specified byte array into the specified character array.
 </summary>
 <param name="bytes">The byte array containing the sequence of bytes to decode.</param>
 <param name="byteIndex">The index of the first byte to decode.</param>
 <param name="byteCount">The number of bytes to decode.</param>
 <param name="chars">The character array to contain the resulting set of characters.</param>
 <param name="charIndex">The index at which to start writing the resulting set of characters.</param>
 <returns>The actual number of characters written into chars.</returns>
</member>
<member name="M:SkyEditor.SaveEditor.MysteryDungeon.DSMysteryDungeonCharacterEncoding.GetMaxByteCount(System.Int32)">
 <summary>
 Calculates the maximum number of bytes produced by encoding the specified number of characters.
 </summary>
 <param name="charCount">The number of characters to encode.</param>
 <returns>The maximum number of bytes produced by encoding the specified number of characters.</returns>
</member>
<member name="M:SkyEditor.SaveEditor.MysteryDungeon.DSMysteryDungeonCharacterEncoding.GetMaxCharCount(System.Int32)">
 <summary>
 Calculates the maximum number of characters produced by decoding the specified number of bytes.
 </summary>
 <param name="byteCount">The number of bytes to decode.</param>
 <returns>The maximum number of characters produced by decoding the specified number of bytes.</returns>
</member>
<member name="T:SkyEditor.SaveEditor.ZLibFile">
 <remarks>
 Auto-detection only supports up to 32MB files to avoid hogging all the ram.
 </remarks>
</member>
</members>
</doc>
